
CREATE TABLE SANPHAM(
  MASP VARCHAR2(10) PRIMARY KEY,
  TENSP NVARCHAR2(100),
  TENNPP NVARCHAR2(100),
  DVT NVARCHAR2(10),
  THANHPHAN NVARCHAR2(1000),
  LUUY NVARCHAR2(1000),
  CACHDUNG NVARCHAR2(1000),
  BAOQUAN NVARCHAR2(1000),
  NSX DATE,
  HSD DATE,
  DONGIA NUMBER(10,5),
  UUDAI NUMBER(3),
  MOTA NVARCHAR2(1000)
);

CREATE TABLE USERS (
  ID        VARCHAR2(10) PRIMARY KEY,   
  HOTENND   NVARCHAR2(100),             
  SDT       VARCHAR2(15),               
  EMAIL     NVARCHAR2(100),             
  GIOITINH  NVARCHAR2(10),              
  NGAYSINH  DATE,              
  DIACHI    NVARCHAR2(200),       
  ROLE      NVARCHAR2(20),               
  TRANGTHAI VARCHAR2(20),               
  USERNAME  VARCHAR2(50) UNIQUE,        
  PASSWORD  VARCHAR2(100)              
);

CREATE TABLE BACSI (
  MABS         VARCHAR2(10) PRIMARY KEY REFERENCES USERS(ID),  
  CHUYENKHOA   NVARCHAR2(100),          
  BANGCAP      NVARCHAR2(100),        
  CHUNGCHI     NVARCHAR2(100),      
  KINHNGHIEM   NUMBER(2)              
);

CREATE TABLE DUOCSI (
  MADS        VARCHAR2(10) PRIMARY KEY REFERENCES USERS(ID),
  CHUYENMON   NVARCHAR2(100),         
  BANGCAP     NVARCHAR2(100)          
);


CREATE TABLE BENHNHAN (
  MABN          VARCHAR2(10) PRIMARY KEY REFERENCES USERS(ID),
  SOBHYT        VARCHAR2(20),       
  LICHSU_BENHLY NVARCHAR2(1000),
  DIUNG         NVARCHAR2(1000),
  NHOMMAU       VARCHAR2(10)
);

CREATE TABLE NHANVIEN(
  MANV VARCHAR2(10) PRIMARY KEY,
  PHONG NVARCHAR2(50),
  NGAYVAOLAM DATE,
  CHUCVU NVARCHAR2(50)
);

CREATE TABLE LICHHEN (
  MALICH      VARCHAR2(10) PRIMARY KEY,
  MABN        VARCHAR2(10) REFERENCES BENHNHAN(MABN),
  MABS        VARCHAR2(10) REFERENCES BACSI(MABS),
  NGAYDAT     DATE DEFAULT SYSDATE,
  NGAYHEN     DATE,
  DIADIEM     NVARCHAR2(200),    
  TRIEUCHUNG  NVARCHAR2(1000),
  TRANGTHAI   VARCHAR2(30)       -- "Chờ xác nhận", "Thành công", "Bị từ chối", "Đã hủy"
);

CREATE TABLE DONTHUOC_DONTHUOCYC(
  MADT VARCHAR2(10) PRIMARY KEY,
  MADS VARCHAR2(10) REFERENCES DUOCSI(MADS),
  MABS VARCHAR2(10) REFERENCES BACSI(MABS),
  MABN VARCHAR2(10) REFERENCES BENHNHAN(MABN),
  GIOITINHBN VARCHAR2(5),
  NGAYSINHBN DATE,
  LICHSU_BENHLY_BN VARCHAR2(1000),
  DIUNGBN VARCHAR2(1000),
  FILEDONTHUOC BLOB,
  GHICHU VARCHAR2(1000),
  NGAYBAN DATE,
  THANHTIEN NUMBER(15, 3),
  TRANGTHAITT NVARCHAR2(20)   
);

CREATE TABLE CTDT(
  MADT VARCHAR2(10),
  MASP VARCHAR2(10),
  SOLUONG NUMBER(3),
  DONGIA NUMBER(15, 3),
  THANHTIEN NUMBER(15, 3),
  PRIMARY KEY(MADT, MASP),
  FOREIGN KEY (MADT) REFERENCES DONTHUOC_DONTHUOCYC(MADT), 
  FOREIGN KEY (MASP) REFERENCES SANPHAM(MASP)
);

CREATE TABLE DICHVUKHAM(
  MADV VARCHAR2(10) PRIMARY KEY,
  TENDV NVARCHAR2(100),
  MOTADV NVARCHAR2(1000),
  UUDAI NUMBER(3),
  DONGIA NUMBER(15, 3)
);

CREATE TABLE KHAM(
  MAKHAM VARCHAR2(10) PRIMARY KEY,
  MALICH VARCHAR2(10) REFERENCES LICHHEN(MALICH),
  MABS VARCHAR2(10) REFERENCES BACSI(MABS),
  MABN VARCHAR2(10) REFERENCES BENHNHAN(MABN),
  MADT VARCHAR2(10)REFERENCES DONTHUOC_DONTHUOCYC(MADT),
  NGAYKHAM DATE,
  NGAYTAIKHAM DATE,
  KETLUAN NVARCHAR2(1000),
  LUUY NVARCHAR2(1000)
);

CREATE TABLE HOADON_KHAMBENH(
  MAHDKB VARCHAR2(10) PRIMARY KEY,
  MAKHAM VARCHAR2(10) REFERENCES KHAM(MAKHAM),
  NGAYLAP DATE DEFAULT SYSDATE,
  TIENKHAM NUMBER (15, 3),
  TONGTIEN NUMBER (15,3),
  PHUONGTHUCTT NVARCHAR2(50),
  GHICHU NVARCHAR2(1000),
  TRANGTHAITT NVARCHAR2(50)
);

CREATE TABLE CTHD_KHAMBENH(
  MACTHDKB VARCHAR2(10) PRIMARY KEY,
  MAHDKB VARCHAR2(10) REFERENCES HOADON_KHAMBENH(MAHDKB),
  MADV VARCHAR2(10) REFERENCES DICHVUKHAM(MADV),
  SOLUONGDV NUMBER(3),
  TRIGIA NUMBER(15,3)
);

CREATE TABLE DIEUTRI(
  MADTR VARCHAR2(10) PRIMARY KEY,
  MAKHAM VARCHAR2(10) REFERENCES KHAM(MAKHAM),
  MABS VARCHAR2(10) REFERENCES BACSI(MABS),
  PHONGDIEUTRI VARCHAR2(10),
  PHUONGPHAPDT VARCHAR2(200),
  NGAYTIEPNHAN DATE,
  NGAYKTDK DATE,
  TONGHDDT NUMBER(15,3),
  KETQUADT VARCHAR2(1000),
  LUUY VARCHAR2(1000),
  TRANGTHAITT NVARCHAR2(50)
);

CREATE TABLE CTDIEUTRI(
  MACTDTR VARCHAR2(10) PRIMARY KEY,
  MADTR VARCHAR2(10) REFERENCES DIEUTRI(MADTR),
  MADV VARCHAR2(10) REFERENCES DICHVUKHAM(MADV),
  MADT VARCHAR2(10) REFERENCES DONTHUOC_DONTHUOCYC(MADT),
  SOLUONGDV NUMBER(3),
  SOLUONGDT NUMBER(3)
);

CREATE TABLE THONGBAO (
  MATB VARCHAR2(10) PRIMARY KEY,
  USER_ID VARCHAR2(10) REFERENCES USERS(ID),
  NOIDUNG VARCHAR2(1000),
  NGAYTHONGBAO DATE DEFAULT SYSDATE,
  TRANGTHAI VARCHAR2(20) DEFAULT 'Chưa đọc', -- 'Chưa đọc' | 'Đã đọc'
  LOAI VARCHAR2(50) -- Ví dụ: 'Lịch hẹn', 'Mua thuốc', 'Hóa đơn'
);

CREATE TABLE PHONGKHAM(
MAPHONG VARCHAR2(10) PRIMARY KEY,
TRANGTHAI NVARCHAR2(50),
GHICHU NVARCHAR2(1000)
);

CREATE TABLE THIETBI (
    MATB      VARCHAR2(10) PRIMARY KEY,
    TENTB     NVARCHAR2(200),
    LOAITB    NVARCHAR2(100),
    NGAYMUA   DATE,
    TRANGTHAI NVARCHAR2(50)
);

CREATE TABLE KHO (
    MAKHO     VARCHAR2(10) PRIMARY KEY,
    TENKHO    NVARCHAR2(1000),
    VITRI     NVARCHAR2(50),
    TINHTRANG NVARCHAR2(1000)
);

CREATE TABLE CHITIETKHO (
    MAVATTU     VARCHAR2(10) PRIMARY KEY,
    MAKHO       VARCHAR2(10),
    SLTONKHO    NUMBER,
    LOAISP      NVARCHAR2(100),
    TINHTRANGSP NVARCHAR2(100),
    LOAIVATTU   VARCHAR2(10), -- 'TB' (thiết bị) hoặc 'SP' (sản phẩm)
    FOREIGN KEY (MAKHO) REFERENCES KHO(MAKHO)
);






-------------------------SẢN PHẨM-----------------------------
INSERT INTO SANPHAM (MASP, TENSP, TENNPP, DVT, THANHPHAN, LUUY, CACHDUNG, BAOQUAN, NSX, HSD, DONGIA, UUDAI, MOTA)
VALUES ('SP001', N'Paracetamol 500mg', N'CTY Dược Hậu Giang', N'Viên', N'Paracetamol', N'Không dùng cho người dị ứng', N'Uống sau ăn', N'Nơi khô ráo, tránh ánh sáng', TO_DATE('2024-01-01', 'YYYY-MM-DD'), TO_DATE('2026-01-01', 'YYYY-MM-DD'), 5000.00000, 10, N'Thuốc giảm đau, hạ sốt');

INSERT INTO SANPHAM (MASP, TENSP, TENNPP, DVT, THANHPHAN, LUUY, CACHDUNG, BAOQUAN, NSX, HSD, DONGIA, UUDAI, MOTA)
VALUES ('SP002', N'Amoxicillin 250mg', N'CTY Dược Sài Gòn', N'Viên', N'Amoxicillin', N'Dị ứng penicillin cần tránh', N'Uống trước ăn 1 giờ', N'Nơi khô mát', TO_DATE('2023-11-10', 'YYYY-MM-DD'), TO_DATE('2025-11-10', 'YYYY-MM-DD'), 7500.00000, 5, N'Kháng sinh điều trị nhiễm khuẩn');

INSERT INTO SANPHAM (MASP, TENSP, TENNPP, DVT, THANHPHAN, LUUY, CACHDUNG, BAOQUAN, NSX, HSD, DONGIA, UUDAI, MOTA)
VALUES ('SP003', N'Vitamin C 1000mg', N'CTY Dược Trung Ương 3', N'Viên', N'Acid Ascorbic', N'Không uống lúc đói', N'Uống sau bữa ăn sáng', N'Để trong lọ kín', TO_DATE('2024-02-15', 'YYYY-MM-DD'), TO_DATE('2026-02-15', 'YYYY-MM-DD'), 12000.00000, 15, N'Tăng đề kháng, làm đẹp da');

INSERT INTO SANPHAM (MASP, TENSP, TENNPP, DVT, THANHPHAN, LUUY, CACHDUNG, BAOQUAN, NSX, HSD, DONGIA, UUDAI, MOTA)
VALUES ('SP004', N'Cetirizine 10mg', N'CTY Dược Bình Định', N'Viên', N'Cetirizine Dihydrochloride', N'Có thể gây buồn ngủ', N'Uống 1 viên/ngày', N'Nơi thoáng mát, tránh nắng', TO_DATE('2023-09-01', 'YYYY-MM-DD'), TO_DATE('2025-09-01', 'YYYY-MM-DD'), 8000.00000, 0, N'Thuốc chống dị ứng');

INSERT INTO SANPHAM (MASP, TENSP, TENNPP, DVT, THANHPHAN, LUUY, CACHDUNG, BAOQUAN, NSX, HSD, DONGIA, UUDAI, MOTA)
VALUES ('SP005', N'Oresol', N'CTY Dược Mekophar', N'Gói', N'Glucose, NaCl, KCl, Na Citrate', N'Hòa đúng liều lượng', N'Hòa tan 1 gói vào 200ml nước', N'Để nơi mát và sạch', TO_DATE('2024-03-20', 'YYYY-MM-DD'), TO_DATE('2025-09-20', 'YYYY-MM-DD'), 3000.00000, 0, N'Bù nước và điện giải khi tiêu chảy');

INSERT INTO SANPHAM (MASP, TENSP, TENNPP, DVT, THANHPHAN, LUUY, CACHDUNG, BAOQUAN, NSX, HSD, DONGIA, UUDAI, MOTA)
VALUES ('SP006', N'Loperamide 2mg', N'CTY Dược Domesco', N'Viên', N'Loperamide', N'Không dùng cho trẻ dưới 6 tuổi', N'Uống sau mỗi lần đi ngoài lỏng', N'Nơi khô ráo, nhiệt độ dưới 30°C', TO_DATE('2024-01-10', 'YYYY-MM-DD'), TO_DATE('2026-01-10', 'YYYY-MM-DD'), 6000.00000, 0, N'Thuốc chống tiêu chảy');

INSERT INTO SANPHAM (MASP, TENSP, TENNPP, DVT, THANHPHAN, LUUY, CACHDUNG, BAOQUAN, NSX, HSD, DONGIA, UUDAI, MOTA)
VALUES ('SP007', N'Ibuprofen 400mg', N'CTY Dược Imexpharm', N'Viên', N'Ibuprofen', N'Dạ dày yếu nên dùng thận trọng', N'Uống sau ăn', N'Tránh ánh nắng trực tiếp', TO_DATE('2023-12-01', 'YYYY-MM-DD'), TO_DATE('2025-12-01', 'YYYY-MM-DD'), 9000.00000, 10, N'Thuốc giảm đau, kháng viêm');

INSERT INTO SANPHAM (MASP, TENSP, TENNPP, DVT, THANHPHAN, LUUY, CACHDUNG, BAOQUAN, NSX, HSD, DONGIA, UUDAI, MOTA)
VALUES ('SP008', N'Acetylcystein 200mg', N'CTY Dược SPM', N'Gói', N'Acetylcystein', N'Không dùng cho người loét dạ dày nặng', N'Hòa tan trong nước ấm', N'Giữ kín gói thuốc chưa dùng', TO_DATE('2024-02-20', 'YYYY-MM-DD'), TO_DATE('2026-02-20', 'YYYY-MM-DD'), 7000.00000, 5, N'Thuốc long đờm');

INSERT INTO SANPHAM (MASP, TENSP, TENNPP, DVT, THANHPHAN, LUUY, CACHDUNG, BAOQUAN, NSX, HSD, DONGIA, UUDAI, MOTA)
VALUES ('SP009', N'Calcium Corbiere', N'CTY Sanofi', N'Ong', N'Calcium gluconolactate, Vitamin C, Vitamin B6', N'Dùng thận trọng với người bị sỏi thận', N'Uống trực tiếp', N'Tránh nơi có nhiệt độ cao', TO_DATE('2023-08-15', 'YYYY-MM-DD'), TO_DATE('2025-08-15', 'YYYY-MM-DD'), 10000.00000, 8, N'Tăng cường canxi, hỗ trợ xương');

INSERT INTO SANPHAM (MASP, TENSP, TENNPP, DVT, THANHPHAN, LUUY, CACHDUNG, BAOQUAN, NSX, HSD, DONGIA, UUDAI, MOTA)
VALUES ('SP010', N'Omeprazole 20mg', N'CTY Dược Pymepharco', N'Viên', N'Omeprazole', N'Uống trước ăn sáng 30 phút', N'Uống nguyên viên, không nhai', N'Nơi khô ráo, tránh ẩm', TO_DATE('2024-01-25', 'YYYY-MM-DD'), TO_DATE('2026-01-25', 'YYYY-MM-DD'), 8500.00000, 0, N'Thuốc điều trị trào ngược, loét dạ dày');

INSERT INTO SANPHAM (MASP, TENSP, TENNPP, DVT, THANHPHAN, LUUY, CACHDUNG, BAOQUAN, NSX, HSD, DONGIA, UUDAI, MOTA)
VALUES ('SP011', N'Alpha Choay', N'CTY Dược Anphaco', N'Viên', N'Chymotrypsin', N'Thận trọng khi dùng cho người rối loạn đông máu', N'Uống xa bữa ăn', N'Nơi khô ráo, tránh nắng', TO_DATE('2024-03-01', 'YYYY-MM-DD'), TO_DATE('2026-03-01', 'YYYY-MM-DD'), 9500.00000, 0, N'Thuốc kháng viêm, giảm phù nề');

INSERT INTO SANPHAM (MASP, TENSP, TENNPP, DVT, THANHPHAN, LUUY, CACHDUNG, BAOQUAN, NSX, HSD, DONGIA, UUDAI, MOTA)
VALUES ('SP012', N'Men tiêu hóa Enterogermina', N'CTY Dược Sanofi', N'Ong', N'Bacillus clausii spores', N'Lắc đều trước khi dùng', N'Uống trực tiếp', N'Không để đông lạnh', TO_DATE('2024-01-01', 'YYYY-MM-DD'), TO_DATE('2026-01-01', 'YYYY-MM-DD'), 12000.00000, 5, N'Hỗ trợ tiêu hóa, cân bằng hệ vi sinh');

INSERT INTO SANPHAM (MASP, TENSP, TENNPP, DVT, THANHPHAN, LUUY, CACHDUNG, BAOQUAN, NSX, HSD, DONGIA, UUDAI, MOTA)
VALUES ('SP013', N'Loratadine 10mg', N'CTY Dược TW25', N'Viên', N'Loratadine', N'Không dùng quá liều quy định', N'Uống 1 viên/ngày', N'Nơi thoáng mát, tránh ẩm', TO_DATE('2023-12-15', 'YYYY-MM-DD'), TO_DATE('2025-12-15', 'YYYY-MM-DD'), 7000.00000, 0, N'Thuốc chống dị ứng không gây buồn ngủ');

INSERT INTO SANPHAM (MASP, TENSP, TENNPP, DVT, THANHPHAN, LUUY, CACHDUNG, BAOQUAN, NSX, HSD, DONGIA, UUDAI, MOTA)
VALUES ('SP014', N'Magie B6', N'CTY Dược TW3', N'Viên', N'Magnesium lactate, Vitamin B6', N'Không dùng cho người suy thận nặng', N'Uống sau ăn', N'Nơi khô mát', TO_DATE('2023-10-01', 'YYYY-MM-DD'), TO_DATE('2025-10-01', 'YYYY-MM-DD'), 8500.00000, 0, N'Hỗ trợ thần kinh, giảm căng thẳng');

INSERT INTO SANPHAM (MASP, TENSP, TENNPP, DVT, THANHPHAN, LUUY, CACHDUNG, BAOQUAN, NSX, HSD, DONGIA, UUDAI, MOTA)
VALUES ('SP015', N'ORS 245', N'CTY Dược Nam Hà', N'Gói', N'Natri clorid, Glucose khan, Kali clorid', N'Hòa tan đúng tỷ lệ', N'Uống từng ngụm nhỏ liên tục', N'Tránh để ánh sáng trực tiếp', TO_DATE('2024-04-01', 'YYYY-MM-DD'), TO_DATE('2025-10-01', 'YYYY-MM-DD'), 3500.00000, 0, N'Dùng để bù nước khi tiêu chảy');

INSERT INTO SANPHAM (MASP, TENSP, TENNPP, DVT, THANHPHAN, LUUY, CACHDUNG, BAOQUAN, NSX, HSD, DONGIA, UUDAI, MOTA)
VALUES ('SP016', N'Bepanthen Cream', N'CTY Bayer Việt Nam', N'Tuýp', N'Dexpanthenol', N'Dùng ngoài da, tránh tiếp xúc mắt', N'Thoa lớp mỏng lên vùng da cần điều trị', N'Nơi khô, thoáng, tránh ánh nắng', TO_DATE('2024-03-10', 'YYYY-MM-DD'), TO_DATE('2026-03-10', 'YYYY-MM-DD'), 45000.00000, 0, N'Dưỡng da, trị nứt nẻ, hăm da');

INSERT INTO SANPHAM (MASP, TENSP, TENNPP, DVT, THANHPHAN, LUUY, CACHDUNG, BAOQUAN, NSX, HSD, DONGIA, UUDAI, MOTA)
VALUES ('SP017', N'Panadol Extra', N'CTY GSK', N'Viên', N'Paracetamol, Caffeine', N'Tránh dùng quá 8 viên/ngày', N'Uống sau ăn, cách nhau 4-6 giờ', N'Nơi khô ráo, nhiệt độ dưới 30°C', TO_DATE('2024-02-01', 'YYYY-MM-DD'), TO_DATE('2026-02-01', 'YYYY-MM-DD'), 10000.00000, 5, N'Thuốc giảm đau, hạ sốt, tăng hiệu lực với caffeine');

INSERT INTO SANPHAM (MASP, TENSP, TENNPP, DVT, THANHPHAN, LUUY, CACHDUNG, BAOQUAN, NSX, HSD, DONGIA, UUDAI, MOTA)
VALUES ('SP018', N'Efferalgan Codeine', N'CTY UPSA', N'Viên sủi', N'Paracetamol, Codeine phosphate', N'Không dùng cho trẻ em dưới 12 tuổi', N'Hòa tan trong nước trước khi uống', N'Tránh ánh nắng và độ ẩm', TO_DATE('2023-11-20', 'YYYY-MM-DD'), TO_DATE('2025-11-20', 'YYYY-MM-DD'), 12000.00000, 0, N'Giảm đau mạnh, có thành phần gây buồn ngủ');

INSERT INTO SANPHAM (MASP, TENSP, TENNPP, DVT, THANHPHAN, LUUY, CACHDUNG, BAOQUAN, NSX, HSD, DONGIA, UUDAI, MOTA)
VALUES ('SP019', N'ZinC Kid', N'CTY Dược Việt Đức', N'Lọ', N'Zinc gluconate', N'Không dùng quá liều', N'Uống 1 lần/ngày sau ăn', N'Bảo quản dưới 30°C, tránh ánh sáng', TO_DATE('2024-01-05', 'YYYY-MM-DD'), TO_DATE('2026-01-05', 'YYYY-MM-DD'), 25000.00000, 0, N'Tăng cường miễn dịch cho trẻ em');

INSERT INTO SANPHAM (MASP, TENSP, TENNPP, DVT, THANHPHAN, LUUY, CACHDUNG, BAOQUAN, NSX, HSD, DONGIA, UUDAI, MOTA)
VALUES ('SP020', N'Salbutamol 2mg', N'CTY Dược Danapha', N'Viên', N'Salbutamol sulfate', N'Không dùng cho người tim mạch nặng', N'Uống theo chỉ định bác sĩ', N'Nơi khô mát, tránh độ ẩm cao', TO_DATE('2024-04-01', 'YYYY-MM-DD'), TO_DATE('2026-04-01', 'YYYY-MM-DD'), 9500.00000, 5, N'Dùng trong hen suyễn, giãn phế quản');

INSERT INTO SANPHAM (MASP, TENSP, TENNPP, DVT, THANHPHAN, LUUY, CACHDUNG, BAOQUAN, NSX, HSD, DONGIA, UUDAI, MOTA)
VALUES ('SP021', N'Nước muối sinh lý 0.9%', N'Traphaco', N'Chai 500ml', N'Natri Clorid 0.9%', N'Chỉ dùng ngoài da, không tiêm', N'Rửa mắt, mũi, vết thương ngoài', N'Nơi khô thoáng', TO_DATE('2024-01-10', 'YYYY-MM-DD'), TO_DATE('2026-01-10', 'YYYY-MM-DD'), 10000.00000, 0, N'Sát khuẩn nhẹ, rửa mũi, mắt');

INSERT INTO SANPHAM (MASP, TENSP, TENNPP, DVT, THANHPHAN, LUUY, CACHDUNG, BAOQUAN, NSX, HSD, DONGIA, UUDAI, MOTA)
VALUES ('SP022', N'Dầu gội Selsun 100ml', N'Sanofi', N'Chai', N'Selenium sulfide 1%', N'Không để dính vào mắt', N'Làm ướt tóc, thoa dầu gội, để 5 phút rồi xả sạch', N'Nơi khô mát', TO_DATE('2024-01-15', 'YYYY-MM-DD'), TO_DATE('2026-01-15', 'YYYY-MM-DD'), 45000.00000, 5, N'Điều trị gàu, viêm da tiết bã');

INSERT INTO SANPHAM (MASP, TENSP, TENNPP, DVT, THANHPHAN, LUUY, CACHDUNG, BAOQUAN, NSX, HSD, DONGIA, UUDAI, MOTA)
VALUES ('SP023', N'Bột phấn Trapha', N'Traphaco', N'Lọ', N'Talc, Menthol', N'Tránh xa mắt và miệng', N'Thoa lên vùng da sạch và khô', N'Nơi thoáng mát, tránh nắng', TO_DATE('2024-02-01', 'YYYY-MM-DD'), TO_DATE('2026-02-01', 'YYYY-MM-DD'), 18000.00000, 0, N'Giữ da khô thoáng, ngừa hăm');

INSERT INTO SANPHAM (MASP, TENSP, TENNPP, DVT, THANHPHAN, LUUY, CACHDUNG, BAOQUAN, NSX, HSD, DONGIA, UUDAI, MOTA)
VALUES ('SP024', N'Zentel 400mg', N'CTY GSK', N'Viên', N'Albendazole', N'Không dùng cho phụ nữ mang thai 3 tháng đầu', N'Uống 1 viên duy nhất', N'Nơi khô ráo, tránh ánh nắng', TO_DATE('2024-02-01', 'YYYY-MM-DD'), TO_DATE('2026-02-01', 'YYYY-MM-DD'), 9000.00000, 0, N'Tẩy giun phổ rộng');

INSERT INTO SANPHAM (MASP, TENSP, TENNPP, DVT, THANHPHAN, LUUY, CACHDUNG, BAOQUAN, NSX, HSD, DONGIA, UUDAI, MOTA)
VALUES ('SP025', N'Clorpheniramin 4mg', N'CTY Dược Bình Định', N'Viên', N'Clorpheniramin maleat', N'Có thể gây buồn ngủ', N'Uống 1 viên/lần, 2-3 lần/ngày', N'Nơi khô, tránh ánh sáng', TO_DATE('2024-03-25', 'YYYY-MM-DD'), TO_DATE('2026-03-25', 'YYYY-MM-DD'), 2000.00000, 0, N'Chống dị ứng, giảm ngứa');

INSERT INTO SANPHAM (MASP, TENSP, TENNPP, DVT, THANHPHAN, LUUY, CACHDUNG, BAOQUAN, NSX, HSD, DONGIA, UUDAI, MOTA)
VALUES ('SP026', N'Telfast 180mg', N'Sanofi', N'Viên', N'Fexofenadine hydrochloride', N'Không dùng cho trẻ dưới 12 tuổi', N'Uống trước ăn 1 giờ hoặc sau ăn 2 giờ', N'Nơi khô ráo', TO_DATE('2024-01-12', 'YYYY-MM-DD'), TO_DATE('2026-01-12', 'YYYY-MM-DD'), 12000.00000, 5, N'Thuốc chống dị ứng, không gây buồn ngủ');

INSERT INTO SANPHAM (MASP, TENSP, TENNPP, DVT, THANHPHAN, LUUY, CACHDUNG, BAOQUAN, NSX, HSD, DONGIA, UUDAI, MOTA)
VALUES ('SP027', N'Smecta', N'Ipsen', N'Gói', N'Diosmectite', N'Không dùng quá 3 ngày nếu không giảm triệu chứng', N'Hòa tan trong nước và uống sau ăn', N'Nơi khô ráo', TO_DATE('2024-02-20', 'YYYY-MM-DD'), TO_DATE('2026-02-20', 'YYYY-MM-DD'), 6000.00000, 0, N'Hấp phụ độc tố, điều trị tiêu chảy cấp và mạn');

INSERT INTO SANPHAM (MASP, TENSP, TENNPP, DVT, THANHPHAN, LUUY, CACHDUNG, BAOQUAN, NSX, HSD, DONGIA, UUDAI, MOTA)
VALUES ('SP028', N'Gaviscon', N'Reckitt Benckiser', N'Gói', N'Natri alginate, Natri bicarbonate', N'Dùng sau ăn hoặc khi có triệu chứng', N'Uống trực tiếp hoặc pha nước', N'Nơi khô, tránh ẩm', TO_DATE('2024-03-01', 'YYYY-MM-DD'), TO_DATE('2026-03-01', 'YYYY-MM-DD'), 9500.00000, 0, N'Điều trị ợ nóng, trào ngược dạ dày');

INSERT INTO SANPHAM (MASP, TENSP, TENNPP, DVT, THANHPHAN, LUUY, CACHDUNG, BAOQUAN, NSX, HSD, DONGIA, UUDAI, MOTA)
VALUES ('SP029', N'Oresol', N'Mekophar', N'Gói', N'Glucose, NaCl, KCl, Na citrate', N'Không pha loãng quá mức', N'Hòa tan đúng lượng nước theo hướng dẫn', N'Nơi khô ráo', TO_DATE('2024-03-10', 'YYYY-MM-DD'), TO_DATE('2026-03-10', 'YYYY-MM-DD'), 4000.00000, 0, N'Bù nước và điện giải trong tiêu chảy');

INSERT INTO SANPHAM (MASP, TENSP, TENNPP, DVT, THANHPHAN, LUUY, CACHDUNG, BAOQUAN, NSX, HSD, DONGIA, UUDAI, MOTA)
VALUES ('SP030', N'Kem chống nẻ Vaseline', N'Unilever', N'Hũ', N'Petrolatum', N'Chỉ dùng ngoài da', N'Thoa lên vùng da khô, nẻ', N'Nơi mát, tránh ánh sáng trực tiếp', TO_DATE('2024-03-20', 'YYYY-MM-DD'), TO_DATE('2026-03-20', 'YYYY-MM-DD'), 25000.00000, 0, N'Dưỡng ẩm, bảo vệ da khỏi khô nẻ');


-------------------------USERS-----------------------------
INSERT INTO USERS (ID, HOTENND, SDT, EMAIL, GIOITINH, NGAYSINH, DIACHI, ROLE, TRANGTHAI, USERNAME, PASSWORD, LATITUDE, LONGITUDE) VALUES
('U012', 'Nguyễn Thanh Hoàng', '7055445435', 'Hoang@gmail.com', 'Nam', TO_DATE('06/03/2014', 'MM/DD/YYYY'), '112 Trần Quốc Toản', 'Bác sĩ', 'ACTIVE', '765', 'a67063986e67b7ddd107229ba9d480ee3a02f9d59732d4bc03b2d97d27a1310d', 11.945131, 108.447697),
('U001', 'Nguyễn Ngọc Hân', '0324324324', 'Han@gmail.com', 'Nữ', TO_DATE('04/18/2005', 'MM/DD/YYYY'), '12 Trần Quốc Toản', 'Bác sĩ', 'ACTIVE', 'zxc', '657f18518eaa2f41307895e18c3ba0d12d97b8a23c6de3966f52c6ba39a07ee4', 10.034942, 105.788487),
('U002', 'Nguyễn Ngọc Duy Bảo', '04325353252', 'hanprincess03062015@gmail.com', 'Nam', TO_DATE('05/02/2005', 'MM/DD/YYYY'), '12 Trần Phú', 'Bệnh nhân', 'ACTIVE', '123', 'a665a45920422f9d417e4867efdc4fb8a04a1f3fff1fa07e998e86f7f7a27ae3', 15.877701, 108.332438),
('U003', 'Lưu Khánh Linh', '043424', 'Linh@gmail.com', 'Nữ', TO_DATE('09/12/2005', 'MM/DD/YYYY'), '34 Ngô Quyền', 'Bác sĩ', 'ACTIVE', 'dsa', '87f19fc7ea8a0766b42e994022dcd5141314b1f5724c291e66a423b9e5ae5a83', 10.844672, 106.775377),
('U004', 'Trần Đình Trung Hiếu', '0434324', 'Hieu@gmail.com', 'Nam', TO_DATE('05/06/2005', 'MM/DD/YYYY'), '30 Phù Đổng', 'Dược sĩ', 'ACTIVE', 'ewq', 'f0b8fd442e97d1306a9639f6350a986b17afed2e2d71b94ea73540a81102fb72', NULL, NULL),
('U005', 'Nguyễn Phú Toàn', '04343521212', 'Toan@gmail.com', 'Nam', TO_DATE('10/19/1974', 'MM/DD/YYYY'), '34 Lý Thường Kiệt', 'Bệnh nhân', 'ACTIVE', '456', 'b3a8e0e1f9ab1bfe3a36f231f676f78bb30a519d2b21e6c530c0eee8ebb4a5d0', NULL, NULL),
('U006', 'Nguyễn Phúc Lộc', '4369534232', 'Loc@gmail.com', 'Nam', TO_DATE('08/19/2014', 'MM/DD/YYYY'), '76 Phan Chu Trinh', 'Bệnh nhân', 'ACTIVE', '789', '35a9e381b1a27567549b5f8a6f783c167ebf809f1c4d6a9e367240484d8ce281', NULL, NULL),
('U007', 'Nguyễn Gia Bảo', '054872323', 'GBao@gmail.com', 'Nam', TO_DATE('10/07/1002', 'MM/DD/YYYY'), '40 Lê Đại Hành', 'Bệnh nhân', 'ACTIVE', '234', '114bd151f8fb0c58642d2170da4ae7d7c57977260ac2cc8905306cab6b2acabc', NULL, NULL),
('U008', 'Võ Ngọc Hoàng Lân', '264923434', 'Lan@gmail.com', 'Nam', TO_DATE('10/04/2005', 'MM/DD/YYYY'), '45 Nguyễn Văn Trỗi', 'Bác sĩ', 'ACTIVE', 'vbn', 'd0f3b856258b40866e1757ea386bd543962671de46aaefc82177b8bef3da88b3', 15.603133, 108.484194),
('U009', 'Nguyễn Minh Hiển', '0938342421', 'Hien@gmail.com', 'Nữ', TO_DATE('08/09/1953', 'MM/DD/YYYY'), '49 Phan Chu Trinh', 'Bệnh nhân', 'ACTIVE', '890', 'e6f095e985e6762f1538b47ff1abda58dbe8ce088b16d8a5744fc179e9a2fc16', NULL, NULL),
('U010', 'Võ Hồ Trung Quân', '035442434', 'Quan@gmail.com', 'Nữ', TO_DATE('03/18/2005', 'MM/DD/YYYY'), '34 Lê Lợi', 'Bệnh nhân', 'ACTIVE', '345', 'da70dfa4d9f95ac979f921e8e623358236313f334afcd06cddf8a5621cf6a1e9', NULL, NULL),
('U011', 'Lê Quang Hậu', '05354624234', 'Hau@gmail.com', 'Nam', TO_DATE('04/30/2005', 'MM/DD/YYYY'), '24 Trần Phú', 'Bác sĩ', 'ACTIVE', '098', '35e1d1aeed3f7179b02a0dfde8f4e826e191649ee2acfd6da6b2ce7a12aa0f8b', 15.87754, 108.33139),
('U013', 'Đặng Kim Thanh', '906563543', 'Thanh@gmail.com', 'Nữ', TO_DATE('05/15/2005', 'MM/DD/YYYY'), '38 Lê Thánh Tông', 'Bác sĩ', 'ACTIVE', '432', '98f1f17f9a73ccfe3e25940add8d9ce9bf05513104cacb84f2f1185bf5886a84', 11.944353, 107.688186),
('U014', 'Admin', '03423123', 'admin@gmail.com', 'Nam', TO_DATE('03/05/2005', 'MM/DD/YYYY'), 'VIệt nam', 'Nhân viên', 'ACTIVE', 'cvb', 'b14369d34fcb01880a94f04118c20e872b89a73961815d9dfa8b3c851d0d5bac', NULL, NULL);


-------------------------BACSI-----------------------------
INSERT INTO BACSI (MABS, CHUYENKHOA, BANGCAP, CHUNGCHI, KINHNGHIEM) VALUES
('U001', N'Nội khoa', N'Đại học Y Hà Nội', N'Chứng chỉ Nội khoa', 5);

INSERT INTO BACSI (MABS, CHUYENKHOA, BANGCAP, CHUNGCHI, KINHNGHIEM) VALUES
('U003', N'Ngoại khoa', N'Đại học Y TP.HCM', N'Chứng chỉ Ngoại khoa', 7);

INSERT INTO BACSI (MABS, CHUYENKHOA, BANGCAP, CHUNGCHI, KINHNGHIEM) VALUES
('U008', N'Ngoại khoa', N'Đại học Y TP.HCM', N'Chứng chỉ Ngoại khoa', 6);

INSERT INTO BACSI (MABS, CHUYENKHOA, BANGCAP, CHUNGCHI, KINHNGHIEM) VALUES
('U011', N'Nội khoa', N'Đại học Phạm Ngọc Thạch', N'Chứng chỉ Nội khoa', 6);

INSERT INTO BACSI (MABS, CHUYENKHOA, BANGCAP, CHUNGCHI, KINHNGHIEM) VALUES
('U012', N'Khoa tai - mũi - họng', N'Đại học Phạm Ngọc Thạch', N'Chứng chỉ Nội khoa', 6);

INSERT INTO BACSI (MABS, CHUYENKHOA, BANGCAP, CHUNGCHI, KINHNGHIEM) VALUES
('U013', N'Khoa thần kinh', N'Đại học Phạm Ngọc Thạch', N'Chứng chỉ Nội khoa', 6);



-------------------------DUOCSI-----------------------------
INSERT INTO DUOCSI (MADS, CHUYENMON, BANGCAP) VALUES ('U004', N'Dược lâm sàng', N'Cử nhân Dược');



-------------------------BENHNHAN-----------------------------
INSERT INTO BENHNHAN (MABN, SOBHYT, LICHSU_BENHLY, DIUNG, NHOMMAU)
VALUES ('U002', 'SOBHYT001', 'Suy dinh dưỡng', 'Dị ứng dưa leo', 'A+');
INSERT INTO BENHNHAN (MABN, SOBHYT, LICHSU_BENHLY, DIUNG, NHOMMAU)
VALUES ('U005', 'Không', 'Thiếu máu', 'Dị ứng cua', 'B');
INSERT INTO BENHNHAN (MABN, SOBHYT, LICHSU_BENHLY, DIUNG, NHOMMAU)
VALUES ('U006', 'SOBHYT006', 'Suy dinh dưỡng', 'Dị ứng cà chua', 'AB');
INSERT INTO BENHNHAN (MABN, SOBHYT, LICHSU_BENHLY, DIUNG, NHOMMAU)
VALUES ('U007', 'Không', 'Cận, loạn', 'Dị ứng tôm', 'A-');
INSERT INTO BENHNHAN (MABN, SOBHYT, LICHSU_BENHLY, DIUNG, NHOMMAU)
VALUES ('U009', 'SOBHYT009', 'Dạ dày', 'Dị ứng hành lá', 'O');
INSERT INTO BENHNHAN (MABN, SOBHYT, LICHSU_BENHLY, DIUNG, NHOMMAU)
VALUES ('U010', 'SOBHYT010', 'Bao tử', 'Dị ứng pecperrin', 'O');



-------------------------NHANVIEN-----------------------------
INSERT INTO NHANVIEN VALUES ('U011', 'Phòng chung', TO_DATE('2025-05-05', 'YYYY-MM-DD'), 'Trưởng phòng');



-------------------------LICHHEN-----------------------------
INSERT INTO LICHHEN (MALICH, MABN, MABS, NGAYDAT, NGAYHEN, DIADIEM, TRIEUCHUNG, TRANGTHAI) VALUES ('LH001', 'U005', 'U001', SYSDATE, TO_DATE('2025-05-05', 'YYYY-MM-DD'), N'Phòng 101 - Khoa Nội', N'Sốt, đau họng', 'Chờ xác nhận');
INSERT INTO LICHHEN (MALICH, MABN, MABS, NGAYDAT, NGAYHEN, DIADIEM, TRIEUCHUNG, TRANGTHAI) VALUES ('LH002', 'U007', 'U003', SYSDATE, TO_DATE('2025-01-07', 'YYYY-MM-DD'), N'Phòng 202 - Khoa Ngoại', N'Đau bụng', 'Chờ xác nhận');
INSERT INTO LICHHEN (MALICH, MABN, MABS, NGAYDAT, NGAYHEN, DIADIEM, TRIEUCHUNG, TRANGTHAI) VALUES ('LH003', 'U002', 'U001', SYSDATE, TO_DATE('2025-03-10', 'YYYY-MM-DD'), N'Phòng 303 - Khoa Tim mạch', N'Đau ngực, khó thở', 'Thành công');
INSERT INTO LICHHEN (MALICH, MABN, MABS, NGAYDAT, NGAYHEN, DIADIEM, TRIEUCHUNG, TRANGTHAI) VALUES ('LH004', 'U006', 'U008', SYSDATE, TO_DATE('2025-05-15', 'YYYY-MM-DD'), N'Phòng 104 - Khoa Tai Mũi Họng', N'Mất giọng, nghẹt mũi', 'Chờ xác nhận');
INSERT INTO LICHHEN (MALICH, MABN, MABS, NGAYDAT, NGAYHEN, DIADIEM, TRIEUCHUNG, TRANGTHAI) VALUES ('LH005', 'U009', 'U001', SYSDATE, TO_DATE('2025-04-18', 'YYYY-MM-DD'), N'Phòng 505 - Khoa Da liễu', N'Nổi mẩn đỏ', 'Thành công');

INSERT INTO LICHHEN (MALICH, MABN, MABS, NGAYDAT, NGAYHEN, DIADIEM, TRIEUCHUNG, TRANGTHAI) VALUES ('LH006', 'U010', 'U003', SYSDATE, TO_DATE('2025-04-21', 'YYYY-MM-DD'), N'Phòng 601 - Khoa Nội tiết', N'Tiểu nhiều, khát nước', 'Bị từ chối');
INSERT INTO LICHHEN (MALICH, MABN, MABS, NGAYDAT, NGAYHEN, DIADIEM, TRIEUCHUNG, TRANGTHAI) VALUES ('LH007', 'U005', 'U008', SYSDATE, TO_DATE('2025-03-25', 'YYYY-MM-DD'), N'Phòng 302 - Khoa Mắt', N'Nhìn mờ', 'Đã hủy');
INSERT INTO LICHHEN (MALICH, MABN, MABS, NGAYDAT, NGAYHEN, DIADIEM, TRIEUCHUNG, TRANGTHAI) VALUES ('LH008', 'U007', 'U001', SYSDATE, TO_DATE('2025-02-28', 'YYYY-MM-DD'), N'Phòng 204 - Khoa Thần kinh', N'Chóng mặt', 'Chờ xác nhận');
INSERT INTO LICHHEN (MALICH, MABN, MABS, NGAYDAT, NGAYHEN, DIADIEM, TRIEUCHUNG, TRANGTHAI) VALUES ('LH009', 'U002', 'U003', SYSDATE, TO_DATE('2025-01-01', 'YYYY-MM-DD'), N'Phòng 701 - Khoa Xương khớp', N'Đau lưng', 'Thành công');
INSERT INTO LICHHEN (MALICH, MABN, MABS, NGAYDAT, NGAYHEN, DIADIEM, TRIEUCHUNG, TRANGTHAI) VALUES ('LH010', 'U006', 'U001', SYSDATE, TO_DATE('2025-04-03', 'YYYY-MM-DD'), N'Phòng 305 - Khoa Da liễu', N'Mụn nhiều, ngứa da', 'Chờ xác nhận');

INSERT INTO LICHHEN (MALICH, MABN, MABS, NGAYDAT, NGAYHEN, DIADIEM, TRIEUCHUNG, TRANGTHAI) VALUES ('LH011', 'U009', 'U008', SYSDATE, TO_DATE('2025-06-01', 'YYYY-MM-DD'), N'Phòng 106 - Khoa Hô hấp', N'Ho có đờm', 'Đã hủy');
INSERT INTO LICHHEN (MALICH, MABN, MABS, NGAYDAT, NGAYHEN, DIADIEM, TRIEUCHUNG, TRANGTHAI) VALUES ('LH012', 'U010', 'U003', SYSDATE, TO_DATE('2025-05-07', 'YYYY-MM-DD'), N'Phòng 108 - Khoa Nội', N'Đau đầu', 'Thành công');
INSERT INTO LICHHEN (MALICH, MABN, MABS, NGAYDAT, NGAYHEN, DIADIEM, TRIEUCHUNG, TRANGTHAI) VALUES ('LH013', 'U005', 'U001', SYSDATE, TO_DATE('2025-03-09', 'YYYY-MM-DD'), N'Phòng 110 - Khoa Thận', N'Đau bụng dưới', 'Chờ xác nhận');
INSERT INTO LICHHEN (MALICH, MABN, MABS, NGAYDAT, NGAYHEN, DIADIEM, TRIEUCHUNG, TRANGTHAI) VALUES ('LH014', 'U007', 'U008', SYSDATE, TO_DATE('2025-02-11', 'YYYY-MM-DD'), N'Phòng 201 - Khoa Nội', N'Đau vai gáy', 'Bị từ chối');
INSERT INTO LICHHEN (MALICH, MABN, MABS, NGAYDAT, NGAYHEN, DIADIEM, TRIEUCHUNG, TRANGTHAI) VALUES ('LH015', 'U002', 'U003', SYSDATE, TO_DATE('2025-01-13', 'YYYY-MM-DD'), N'Phòng 209 - Khoa Cột sống', N'Tê tay chân', 'Chờ xác nhận');

INSERT INTO LICHHEN (MALICH, MABN, MABS, NGAYDAT, NGAYHEN, DIADIEM, TRIEUCHUNG, TRANGTHAI) VALUES ('LH016', 'U006', 'U001', SYSDATE, TO_DATE('2025-02-15', 'YYYY-MM-DD'), N'Phòng 112 - Khoa Nội tổng quát', N'Mệt mỏi kéo dài', 'Chờ xác nhận');
INSERT INTO LICHHEN (MALICH, MABN, MABS, NGAYDAT, NGAYHEN, DIADIEM, TRIEUCHUNG, TRANGTHAI) VALUES ('LH017', 'U009', 'U003', SYSDATE, TO_DATE('2025-01-17', 'YYYY-MM-DD'), N'Phòng 213 - Khoa Nội tiết', N'Run tay', 'Thành công');
INSERT INTO LICHHEN (MALICH, MABN, MABS, NGAYDAT, NGAYHEN, DIADIEM, TRIEUCHUNG, TRANGTHAI) VALUES ('LH018', 'U010', 'U008', SYSDATE, TO_DATE('2025-03-19', 'YYYY-MM-DD'), N'Phòng 214 - Khoa Hô hấp', N'Khó thở khi vận động', 'Đã hủy');
INSERT INTO LICHHEN (MALICH, MABN, MABS, NGAYDAT, NGAYHEN, DIADIEM, TRIEUCHUNG, TRANGTHAI) VALUES ('LH019', 'U005', 'U003', SYSDATE, TO_DATE('2025-04-21', 'YYYY-MM-DD'), N'Phòng 215 - Khoa Da liễu', N'Nổi mề đay', 'Bị từ chối');
INSERT INTO LICHHEN (MALICH, MABN, MABS, NGAYDAT, NGAYHEN, DIADIEM, TRIEUCHUNG, TRANGTHAI) VALUES ('LH020', 'U007', 'U001', SYSDATE, TO_DATE('2025-05-23', 'YYYY-MM-DD'), N'Phòng 216 - Khoa Nội', N'Táo bón kéo dài', 'Chờ xác nhận');




-------------------------DONTHUOC_DONTHUOCYC-----------------------------
INSERT INTO DONTHUOC_DONTHUOCYC (MADT, MADS, MABS, MABN, GIOITINHBN, NGAYSINHBN, LICHSU_BENHLY_BN, DIUNGBN, FILEDONTHUOC, GHICHU, NGAYBAN, THANHTIEN, TRANGTHAITT) 
VALUES (
  'DT001', 'U004', 'U001', 'U005', 'Nam', TO_DATE('2005-05-02','YYYY-MM-DD'),
  'Thiếu máu', 'Dị ứng cua', EMPTY_BLOB(), 'Dặn bệnh nhân uống đủ nước',
  SYSDATE, 120000, 'Đã thanh toán'
);

INSERT INTO DONTHUOC_DONTHUOCYC DONTHUOC_DONTHUOCYC (MADT, MADS, MABS, MABN, GIOITINHBN, NGAYSINHBN, LICHSU_BENHLY_BN, DIUNGBN, FILEDONTHUOC, GHICHU, NGAYBAN, THANHTIEN, TRANGTHAITT) 
VALUES (
  'DT002', 'U004', 'U003', 'U007', 'Nam', TO_DATE('2005-10-07','YYYY-MM-DD'),
  'Cận, loạn', 'Dị ứng tôm', EMPTY_BLOB(), 'Kiêng trà khi dùng thuốc',
  SYSDATE, 95000, 'Chưa thanh toán'
);

INSERT INTO DONTHUOC_DONTHUOCYC DONTHUOC_DONTHUOCYC (MADT, MADS, MABS, MABN, GIOITINHBN, NGAYSINHBN, LICHSU_BENHLY_BN, DIUNGBN, FILEDONTHUOC, GHICHU, NGAYBAN, THANHTIEN, TRANGTHAITT) 
VALUES (
  'DT003', 'U004', 'U008', 'U002', 'Nam', TO_DATE('2005-05-02','YYYY-MM-DD'),
  'Suy dinh dưỡng', 'Dị ứng dưa leo', EMPTY_BLOB(), 'Không uống quá 6 viên/ngày',
  SYSDATE, 150000, 'Đã thanh toán'
);

INSERT INTO DONTHUOC_DONTHUOCYC DONTHUOC_DONTHUOCYC (MADT, MADS, MABS, MABN, GIOITINHBN, NGAYSINHBN, LICHSU_BENHLY_BN, DIUNGBN, FILEDONTHUOC, GHICHU, NGAYBAN, THANHTIEN, TRANGTHAITT) 
VALUES (
  'DT004', 'U004', 'U001', 'U006', 'Nam', TO_DATE('2005-08-19','YYYY-MM-DD'),
  'Suy dinh dưỡng', 'Dị ứng cà chua', EMPTY_BLOB(), 'Tránh ra ngoài trời lạnh',
  SYSDATE, 110000, 'Chưa thanh toán'
);

INSERT INTO DONTHUOC_DONTHUOCYC DONTHUOC_DONTHUOCYC (MADT, MADS, MABS, MABN, GIOITINHBN, NGAYSINHBN, LICHSU_BENHLY_BN, DIUNGBN, FILEDONTHUOC, GHICHU, NGAYBAN, THANHTIEN, TRANGTHAITT) 
VALUES (
  'DT005', 'U004', 'U003', 'U009', 'Nữ', TO_DATE('2005-08-09','YYYY-MM-DD'),
  'Dạ dày', 'Dị ứng hành lá', EMPTY_BLOB(), 'Không dùng quá 7 ngày',
  SYSDATE, 88000, 'Đã thanh toán'
);

INSERT INTO DONTHUOC_DONTHUOCYC DONTHUOC_DONTHUOCYC (MADT, MADS, MABS, MABN, GIOITINHBN, NGAYSINHBN, LICHSU_BENHLY_BN, DIUNGBN, FILEDONTHUOC, GHICHU, NGAYBAN, THANHTIEN, TRANGTHAITT) 
VALUES (
  'DT006', 'U004', 'U008', 'U010', 'Nữ', TO_DATE('2005-03-18','YYYY-MM-DD'),
  'Bao tử', 'Dị ứng pecperrin', EMPTY_BLOB(), 'Kiêng sữa bò',
  SYSDATE, 134000, 'Chưa thanh toán'
);

INSERT INTO DONTHUOC_DONTHUOCYC DONTHUOC_DONTHUOCYC (MADT, MADS, MABS, MABN, GIOITINHBN, NGAYSINHBN, LICHSU_BENHLY_BN, DIUNGBN, FILEDONTHUOC, GHICHU, NGAYBAN, THANHTIEN, TRANGTHAITT) 
VALUES (
  'DT007', 'U004', 'U001', 'U005', 'Nam', TO_DATE('2005-10-19','YYYY-MM-DD'),
  'Thiếu máu', 'Dị ứng cua', EMPTY_BLOB(), 'Uống trước ăn 30 phút',
  SYSDATE, 98000, 'Đã thanh toán'
);

INSERT INTO DONTHUOC_DONTHUOCYC DONTHUOC_DONTHUOCYC (MADT, MADS, MABS, MABN, GIOITINHBN, NGAYSINHBN, LICHSU_BENHLY_BN, DIUNGBN, FILEDONTHUOC, GHICHU, NGAYBAN, THANHTIEN, TRANGTHAITT) 
VALUES (
  'DT008', 'U004', 'U003', 'U007', 'Nam', TO_DATE('2005-10-07','YYYY-MM-DD'),
  'Cận, loạn', 'Dị ứng tôm', EMPTY_BLOB(), 'Tắm nắng sáng sớm',
  SYSDATE, 87000, 'Chưa thanh toán'
);

INSERT INTO DONTHUOC_DONTHUOCYC DONTHUOC_DONTHUOCYC (MADT, MADS, MABS, MABN, GIOITINHBN, NGAYSINHBN, LICHSU_BENHLY_BN, DIUNGBN, FILEDONTHUOC, GHICHU, NGAYBAN, THANHTIEN, TRANGTHAITT) 
VALUES (
  'DT009', 'U004', 'U008', 'U002', 'Nam', TO_DATE('2005-05-02','YYYY-MM-DD'),
  'Suy dinh dưỡng', 'Dị ứng dưa leo', EMPTY_BLOB(), 'Uống sau ăn',
  SYSDATE, 210000, 'Đã thanh toán'
);

INSERT INTO DONTHUOC_DONTHUOCYC DONTHUOC_DONTHUOCYC (MADT, MADS, MABS, MABN, GIOITINHBN, NGAYSINHBN, LICHSU_BENHLY_BN, DIUNGBN, FILEDONTHUOC, GHICHU, NGAYBAN, THANHTIEN, TRANGTHAITT) 
VALUES (
  'DT010', 'U004', 'U001', 'U006', 'Nam', TO_DATE('2005-08-19','YYYY-MM-DD'),
  'Suy dinh dưỡng', 'Dị ứng cà chua', EMPTY_BLOB(), 'Không dùng quá 7 ngày',
  SYSDATE, 102000, 'Chưa thanh toán'
);

INSERT INTO DONTHUOC_DONTHUOCYC DONTHUOC_DONTHUOCYC (MADT, MADS, MABS, MABN, GIOITINHBN, NGAYSINHBN, LICHSU_BENHLY_BN, DIUNGBN, FILEDONTHUOC, GHICHU, NGAYBAN, THANHTIEN, TRANGTHAITT) 
VALUES (
  'DT011', 'U004', 'U003', 'U009', 'Nữ', TO_DATE('2005-08-09','YYYY-MM-DD'),
  'Dạ dày', 'Dị ứng hành lá', EMPTY_BLOB(), 'Ăn đầy đủ dinh dưỡng',
  SYSDATE, 156000, 'Đã thanh toán'
);

INSERT INTO DONTHUOC_DONTHUOCYC VALUES (
  'DT012', 'U004', 'U008', 'U010', 'Nữ', TO_DATE('2005-03-18','YYYY-MM-DD'),
  'Bao tử', 'Dị ứng pecperrin', EMPTY_BLOB(), 'Không uống nước đá',
  SYSDATE, 76000, 'Chưa thanh toán'
);

INSERT INTO DONTHUOC_DONTHUOCYC DONTHUOC_DONTHUOCYC (MADT, MADS, MABS, MABN, GIOITINHBN, NGAYSINHBN, LICHSU_BENHLY_BN, DIUNGBN, FILEDONTHUOC, GHICHU, NGAYBAN, THANHTIEN, TRANGTHAITT) 
VALUES (
  'DT013', 'U004', 'U001', 'U005', 'Nam', TO_DATE('2005-10-19','YYYY-MM-DD'),
  'Thiếu máu', 'Dị ứng cua', EMPTY_BLOB(), 'Uống nhiều nước',
  SYSDATE, 113000, 'Đã thanh toán'
);

INSERT INTO DONTHUOC_DONTHUOCYC DONTHUOC_DONTHUOCYC (MADT, MADS, MABS, MABN, GIOITINHBN, NGAYSINHBN, LICHSU_BENHLY_BN, DIUNGBN, FILEDONTHUOC, GHICHU, NGAYBAN, THANHTIEN, TRANGTHAITT) 
VALUES (
  'DT014', 'U004', 'U003', 'U007', 'Nam', TO_DATE('2005-10-07','YYYY-MM-DD'),
  'Cận, loạn', 'Dị ứng tôm', EMPTY_BLOB(), 'Uống tối trước ngủ',
  SYSDATE, 88000, 'Chưa thanh toán'
);

INSERT INTO DONTHUOC_DONTHUOCYC DONTHUOC_DONTHUOCYC (MADT, MADS, MABS, MABN, GIOITINHBN, NGAYSINHBN, LICHSU_BENHLY_BN, DIUNGBN, FILEDONTHUOC, GHICHU, NGAYBAN, THANHTIEN, TRANGTHAITT) 
VALUES (
  'DT015', 'U004', 'U008', 'U002', 'Nam', TO_DATE('2005-05-02','YYYY-MM-DD'),
  'Suy dinh dưỡng', 'Dị ứng dưa leo', EMPTY_BLOB(), 'Theo dõi thân nhiệt',
  SYSDATE, 75000, 'Đã thanh toán'
);

INSERT INTO DONTHUOC_DONTHUOCYC DONTHUOC_DONTHUOCYC (MADT, MADS, MABS, MABN, GIOITINHBN, NGAYSINHBN, LICHSU_BENHLY_BN, DIUNGBN, FILEDONTHUOC, GHICHU, NGAYBAN, THANHTIEN, TRANGTHAITT) 
VALUES (
  'DT016', 'U004', 'U001', 'U006', 'Nam', TO_DATE('2005-08-19','YYYY-MM-DD'),
  'Suy dinh dưỡng', 'Dị ứng cà chua', EMPTY_BLOB(), 'Tái khám sau 1 tháng',
  SYSDATE, 99000, 'Chưa thanh toán'
);

INSERT INTO DONTHUOC_DONTHUOCYC DONTHUOC_DONTHUOCYC (MADT, MADS, MABS, MABN, GIOITINHBN, NGAYSINHBN, LICHSU_BENHLY_BN, DIUNGBN, FILEDONTHUOC, GHICHU, NGAYBAN, THANHTIEN, TRANGTHAITT) 
VALUES (
  'DT017', 'U004', 'U003', 'U009', 'Nữ', TO_DATE('2005-08-09','YYYY-MM-DD'),
  'Dạ dày', 'Dị ứng hành lá', EMPTY_BLOB(), 'Tránh ăn đồ biển',
  SYSDATE, 87000, 'Đã thanh toán'
);

INSERT INTO DONTHUOC_DONTHUOCYC DONTHUOC_DONTHUOCYC (MADT, MADS, MABS, MABN, GIOITINHBN, NGAYSINHBN, LICHSU_BENHLY_BN, DIUNGBN, FILEDONTHUOC, GHICHU, NGAYBAN, THANHTIEN, TRANGTHAITT) 
VALUES (
  'DT018', 'U004', 'U008', 'U010', 'Nữ', TO_DATE('2005-03-18','YYYY-MM-DD'),
  'Bao tử', 'Dị ứng pecperrin', EMPTY_BLOB(), 'Uống đủ liều',
  SYSDATE, 142000, 'Chưa thanh toán'
);

INSERT INTO DONTHUOC_DONTHUOCYC DONTHUOC_DONTHUOCYC (MADT, MADS, MABS, MABN, GIOITINHBN, NGAYSINHBN, LICHSU_BENHLY_BN, DIUNGBN, FILEDONTHUOC, GHICHU, NGAYBAN, THANHTIEN, TRANGTHAITT) 
VALUES (
  'DT019', 'U004', 'U001', 'U005', 'Nam', TO_DATE('2005-10-19','YYYY-MM-DD'),
  'Thiếu máu', 'Dị ứng cua', EMPTY_BLOB(), 'Không uống rượu bia',
  SYSDATE, 120000, 'Đã thanh toán'
);

INSERT INTO DONTHUOC_DONTHUOCYC DONTHUOC_DONTHUOCYC (MADT, MADS, MABS, MABN, GIOITINHBN, NGAYSINHBN, LICHSU_BENHLY_BN, DIUNGBN, FILEDONTHUOC, GHICHU, NGAYBAN, THANHTIEN, TRANGTHAITT) 
VALUES (
  'DT020', 'U004', 'U003', 'U007', 'Nam', TO_DATE('2005-10-07','YYYY-MM-DD'),
  'Cận, loạn', 'Dị ứng tôm', EMPTY_BLOB(), 'Nghỉ ngơi đầy đủ',
  SYSDATE, 98000, 'Chưa thanh toán'
);





-------------------------CTDT-----------------------------
--DT001
INSERT INTO CTDT (MADT, MASP, SOLUONG, DONGIA, THANHTIEN) VALUES ('DT001', 'SP001', 2, 5000, 10000);
INSERT INTO CTDT (MADT, MASP, SOLUONG, DONGIA, THANHTIEN) VALUES ('DT001', 'SP002', 1, 7500, 7500);
INSERT INTO CTDT (MADT, MASP, SOLUONG, DONGIA, THANHTIEN) VALUES ('DT001', 'SP003', 3, 12000, 36000);

-- DT002
INSERT INTO CTDT (MADT, MASP, SOLUONG, DONGIA, THANHTIEN) VALUES ('DT002', 'SP004', 1, 8000, 8000);
INSERT INTO CTDT (MADT, MASP, SOLUONG, DONGIA, THANHTIEN) VALUES ('DT002', 'SP005', 2, 3000, 6000);
INSERT INTO CTDT (MADT, MASP, SOLUONG, DONGIA, THANHTIEN) VALUES ('DT002', 'SP006', 1, 6500, 6500);
INSERT INTO CTDT (MADT, MASP, SOLUONG, DONGIA, THANHTIEN) VALUES ('DT002', 'SP007', 2, 7000, 14000);

-- DT003
INSERT INTO CTDT (MADT, MASP, SOLUONG, DONGIA, THANHTIEN) VALUES ('DT003', 'SP008', 4, 9000, 36000);
INSERT INTO CTDT (MADT, MASP, SOLUONG, DONGIA, THANHTIEN) VALUES ('DT003', 'SP009', 2, 5000, 10000);
INSERT INTO CTDT (MADT, MASP, SOLUONG, DONGIA, THANHTIEN) VALUES ('DT003', 'SP010', 1, 10000, 10000);

-- DT004
INSERT INTO CTDT (MADT, MASP, SOLUONG, DONGIA, THANHTIEN) VALUES ('DT004', 'SP011', 2, 8500, 17000);
INSERT INTO CTDT (MADT, MASP, SOLUONG, DONGIA, THANHTIEN) VALUES ('DT004', 'SP012', 3, 9500, 28500);
INSERT INTO CTDT (MADT, MASP, SOLUONG, DONGIA, THANHTIEN) VALUES ('DT004', 'SP013', 1, 11000, 11000);

-- DT005
INSERT INTO CTDT (MADT, MASP, SOLUONG, DONGIA, THANHTIEN) VALUES ('DT005', 'SP014', 1, 4000, 4000);
INSERT INTO CTDT (MADT, MASP, SOLUONG, DONGIA, THANHTIEN) VALUES ('DT005', 'SP015', 2, 6000, 12000);
INSERT INTO CTDT (MADT, MASP, SOLUONG, DONGIA, THANHTIEN) VALUES ('DT005', 'SP016', 1, 4500, 4500);
INSERT INTO CTDT (MADT, MASP, SOLUONG, DONGIA, THANHTIEN) VALUES ('DT005', 'SP017', 3, 7000, 21000);

-- DT006
INSERT INTO CTDT (MADT, MASP, SOLUONG, DONGIA, THANHTIEN) VALUES ('DT006', 'SP018', 1, 3000, 3000);
INSERT INTO CTDT (MADT, MASP, SOLUONG, DONGIA, THANHTIEN) VALUES ('DT006', 'SP019', 2, 8000, 16000);
INSERT INTO CTDT (MADT, MASP, SOLUONG, DONGIA, THANHTIEN) VALUES ('DT006', 'SP020', 2, 5500, 11000);

-- DT007
INSERT INTO CTDT (MADT, MASP, SOLUONG, DONGIA, THANHTIEN) VALUES ('DT007', 'SP021', 2, 7500, 15000);
INSERT INTO CTDT (MADT, MASP, SOLUONG, DONGIA, THANHTIEN) VALUES ('DT007', 'SP022', 1, 12000, 12000);
INSERT INTO CTDT (MADT, MASP, SOLUONG, DONGIA, THANHTIEN) VALUES ('DT007', 'SP023', 3, 10000, 30000);

-- DT008
INSERT INTO CTDT (MADT, MASP, SOLUONG, DONGIA, THANHTIEN) VALUES ('DT008', 'SP024', 2, 6000, 12000);
INSERT INTO CTDT (MADT, MASP, SOLUONG, DONGIA, THANHTIEN) VALUES ('DT008', 'SP025', 1, 5000, 5000);
INSERT INTO CTDT (MADT, MASP, SOLUONG, DONGIA, THANHTIEN) VALUES ('DT008', 'SP026', 2, 7000, 14000);

-- DT009
INSERT INTO CTDT (MADT, MASP, SOLUONG, DONGIA, THANHTIEN) VALUES ('DT009', 'SP027', 1, 8000, 8000);
INSERT INTO CTDT (MADT, MASP, SOLUONG, DONGIA, THANHTIEN) VALUES ('DT009', 'SP028', 2, 9000, 18000);
INSERT INTO CTDT (MADT, MASP, SOLUONG, DONGIA, THANHTIEN) VALUES ('DT009', 'SP029', 1, 10000, 10000);

-- DT010
INSERT INTO CTDT (MADT, MASP, SOLUONG, DONGIA, THANHTIEN) VALUES ('DT010', 'SP030', 1, 9500, 9500);
INSERT INTO CTDT (MADT, MASP, SOLUONG, DONGIA, THANHTIEN) VALUES ('DT010', 'SP001', 3, 5000, 15000);
INSERT INTO CTDT (MADT, MASP, SOLUONG, DONGIA, THANHTIEN) VALUES ('DT010', 'SP002', 2, 7500, 15000);

-- DT011
INSERT INTO CTDT (MADT, MASP, SOLUONG, DONGIA, THANHTIEN) VALUES ('DT011', 'SP003', 1, 8500, 8500);
INSERT INTO CTDT (MADT, MASP, SOLUONG, DONGIA, THANHTIEN) VALUES ('DT011', 'SP004', 2, 7000, 14000);
INSERT INTO CTDT (MADT, MASP, SOLUONG, DONGIA, THANHTIEN) VALUES ('DT011', 'SP005', 1, 3000, 3000);

-- DT012
INSERT INTO CTDT (MADT, MASP, SOLUONG, DONGIA, THANHTIEN) VALUES ('DT012', 'SP006', 3, 8000, 24000);
INSERT INTO CTDT (MADT, MASP, SOLUONG, DONGIA, THANHTIEN) VALUES ('DT012', 'SP007', 1, 6000, 6000);
INSERT INTO CTDT (MADT, MASP, SOLUONG, DONGIA, THANHTIEN) VALUES ('DT012', 'SP008', 2, 4500, 9000);

-- DT013
INSERT INTO CTDT (MADT, MASP, SOLUONG, DONGIA, THANHTIEN) VALUES ('DT013', 'SP009', 2, 9000, 18000);
INSERT INTO CTDT (MADT, MASP, SOLUONG, DONGIA, THANHTIEN) VALUES ('DT013', 'SP010', 1, 7500, 7500);
INSERT INTO CTDT (MADT, MASP, SOLUONG, DONGIA, THANHTIEN) VALUES ('DT013', 'SP011', 1, 8500, 8500);

-- DT014
INSERT INTO CTDT (MADT, MASP, SOLUONG, DONGIA, THANHTIEN) VALUES ('DT014', 'SP012', 1, 5000, 5000);
INSERT INTO CTDT (MADT, MASP, SOLUONG, DONGIA, THANHTIEN) VALUES ('DT014', 'SP013', 2, 6000, 12000);
INSERT INTO CTDT (MADT, MASP, SOLUONG, DONGIA, THANHTIEN) VALUES ('DT014', 'SP014', 3, 7000, 21000);

-- DT015
INSERT INTO CTDT (MADT, MASP, SOLUONG, DONGIA, THANHTIEN) VALUES ('DT015', 'SP015', 1, 10000, 10000);
INSERT INTO CTDT (MADT, MASP, SOLUONG, DONGIA, THANHTIEN) VALUES ('DT015', 'SP016', 2, 8000, 16000);
INSERT INTO CTDT (MADT, MASP, SOLUONG, DONGIA, THANHTIEN) VALUES ('DT015', 'SP017', 1, 9000, 9000);

-- DT016
INSERT INTO CTDT (MADT, MASP, SOLUONG, DONGIA, THANHTIEN) VALUES ('DT016', 'SP018', 2, 4000, 8000);
INSERT INTO CTDT (MADT, MASP, SOLUONG, DONGIA, THANHTIEN) VALUES ('DT016', 'SP019', 2, 7000, 14000);
INSERT INTO CTDT (MADT, MASP, SOLUONG, DONGIA, THANHTIEN) VALUES ('DT016', 'SP020', 3, 6000, 18000);

-- DT017
INSERT INTO CTDT (MADT, MASP, SOLUONG, DONGIA, THANHTIEN) VALUES ('DT017', 'SP021', 1, 7500, 7500);
INSERT INTO CTDT (MADT, MASP, SOLUONG, DONGIA, THANHTIEN) VALUES ('DT017', 'SP022', 2, 8500, 17000);
INSERT INTO CTDT (MADT, MASP, SOLUONG, DONGIA, THANHTIEN) VALUES ('DT017', 'SP023', 1, 6500, 6500);

-- DT018
INSERT INTO CTDT (MADT, MASP, SOLUONG, DONGIA, THANHTIEN) VALUES ('DT018', 'SP024', 2, 5000, 10000);
INSERT INTO CTDT (MADT, MASP, SOLUONG, DONGIA, THANHTIEN) VALUES ('DT018', 'SP025', 1, 8000, 8000);
INSERT INTO CTDT (MADT, MASP, SOLUONG, DONGIA, THANHTIEN) VALUES ('DT018', 'SP026', 2, 9000, 18000);

-- DT019
INSERT INTO CTDT (MADT, MASP, SOLUONG, DONGIA, THANHTIEN) VALUES ('DT019', 'SP027', 1, 12000, 12000);
INSERT INTO CTDT (MADT, MASP, SOLUONG, DONGIA, THANHTIEN) VALUES ('DT019', 'SP028', 2, 7000, 14000);
INSERT INTO CTDT (MADT, MASP, SOLUONG, DONGIA, THANHTIEN) VALUES ('DT019', 'SP029', 2, 6500, 13000);

-- DT020
INSERT INTO CTDT (MADT, MASP, SOLUONG, DONGIA, THANHTIEN) VALUES ('DT020', 'SP030', 3, 7500, 22500);
INSERT INTO CTDT (MADT, MASP, SOLUONG, DONGIA, THANHTIEN) VALUES ('DT020', 'SP001', 1, 6000, 6000);
INSERT INTO CTDT (MADT, MASP, SOLUONG, DONGIA, THANHTIEN) VALUES ('DT020', 'SP002', 2, 5500, 11000);







-------------------------DICHVUKHAM-----------------------------
INSERT INTO DICHVUKHAM VALUES ('DV001', N'Khám tổng quát', N'Kiểm tra sức khỏe toàn diện', 10, 500000.000);
INSERT INTO DICHVUKHAM VALUES ('DV002', N'Khám nội tổng quát', N'Khám các bệnh liên quan đến cơ quan nội tạng', 5, 300000.000);
INSERT INTO DICHVUKHAM VALUES ('DV003', N'Khám tai mũi họng', N'Tư vấn và kiểm tra các bệnh lý tai mũi họng', 0, 200000.000);
INSERT INTO DICHVUKHAM VALUES ('DV004', N'Khám nhi', N'Khám sức khỏe cho trẻ em', 5, 250000.000);
INSERT INTO DICHVUKHAM VALUES ('DV005', N'Khám phụ khoa', N'Khám sức khỏe phụ nữ', 10, 400000.000);
INSERT INTO DICHVUKHAM VALUES ('DV006', N'Khám nam khoa', N'Tư vấn và khám các bệnh lý nam giới', 10, 350000.000);
INSERT INTO DICHVUKHAM VALUES ('DV007', N'Khám da liễu', N'Tư vấn và điều trị các bệnh về da', 0, 300000.000);
INSERT INTO DICHVUKHAM VALUES ('DV008', N'Khám tim mạch', N'Kiểm tra các bệnh lý tim mạch', 5, 450000.000);
INSERT INTO DICHVUKHAM VALUES ('DV009', N'Khám nội tiết', N'Kiểm tra chức năng tuyến giáp và nội tiết tố', 5, 400000.000);
INSERT INTO DICHVUKHAM VALUES ('DV010', N'Khám xương khớp', N'Tư vấn và điều trị bệnh xương khớp', 0, 350000.000);
INSERT INTO DICHVUKHAM VALUES ('DV011', N'Khám mắt', N'Khám thị lực và tư vấn các vấn đề về mắt', 0, 200000.000);
INSERT INTO DICHVUKHAM VALUES ('DV012', N'Khám tiêu hóa', N'Tư vấn và điều trị bệnh hệ tiêu hóa', 5, 370000.000);
INSERT INTO DICHVUKHAM VALUES ('DV013', N'Khám thần kinh', N'Tư vấn các vấn đề liên quan đến hệ thần kinh', 5, 450000.000);
INSERT INTO DICHVUKHAM VALUES ('DV014', N'Khám hô hấp', N'Kiểm tra các bệnh lý đường hô hấp', 0, 300000.000);
INSERT INTO DICHVUKHAM VALUES ('DV015', N'Khám định kỳ nhân viên', N'Khám định kỳ cho doanh nghiệp và tổ chức', 15, 600000.000);
INSERT INTO DICHVUKHAM VALUES ('DV016', N'Khám sức khỏe trước hôn nhân', N'Kiểm tra sức khỏe sinh sản', 10, 550000.000);
INSERT INTO DICHVUKHAM VALUES ('DV017', N'Khám sức khỏe người cao tuổi', N'Dịch vụ dành riêng cho người cao tuổi', 10, 450000.000);
INSERT INTO DICHVUKHAM VALUES ('DV018', N'Khám sức khỏe lái xe', N'Khám cấp giấy khám sức khỏe lái xe', 0, 250000.000);
INSERT INTO DICHVUKHAM VALUES ('DV019', N'Khám cấp cứu', N'Khám và xử lý tình huống khẩn cấp', 0, 700000.000);
INSERT INTO DICHVUKHAM VALUES ('DV020', N'Khám y học cổ truyền', N'Khám theo phương pháp y học cổ truyền', 5, 400000.000);






-------------------------KHAM-----------------------------
INSERT INTO KHAM VALUES ('K001', 'LH009', 'U001', 'U005', 'DT001', TO_DATE('2025-05-01', 'YYYY-MM-DD'), TO_DATE('2025-05-15', 'YYYY-MM-DD'), N'Viêm họng cấp', N'Uống đủ nước, tránh gió lạnh');
INSERT INTO KHAM VALUES ('K002', 'LH010', 'U001', 'U007', 'DT002', TO_DATE('2025-03-02', 'YYYY-MM-DD'), NULL, N'Đau dạ dày', N'Tuân thủ chế độ ăn uống, uống thuốc đúng giờ');
INSERT INTO KHAM VALUES ('K003', 'LH011', 'U008', 'U002', 'DT003', TO_DATE('2025-04-03', 'YYYY-MM-DD'), TO_DATE('2025-03-10', 'YYYY-MM-DD'), N'Cảm cúm nhẹ', N'Nghỉ ngơi nhiều, tránh tiếp xúc đông người');
INSERT INTO KHAM VALUES ('K004', 'LH012', 'U001', 'U006', 'DT004', TO_DATE('2025-02-04', 'YYYY-MM-DD'), NULL, N'Viêm phế quản', N'Thở máy khí dung nếu cần');
INSERT INTO KHAM VALUES ('K005', 'LH013', 'U003', 'U009', 'DT005', TO_DATE('2025-01-05', 'YYYY-MM-DD'), TO_DATE('2025-01-15', 'YYYY-MM-DD'), N'Khó tiêu', N'Tăng cường uống nước, tránh đồ dầu mỡ');
INSERT INTO KHAM VALUES ('K006', 'LH014', 'U008', 'U010', 'DT006', TO_DATE('2025-04-06', 'YYYY-MM-DD'), NULL, N'Đau lưng', N'Tập vật lý trị liệu mỗi ngày');
INSERT INTO KHAM VALUES ('K007', 'LH015', 'U001', 'U005', 'DT007', TO_DATE('2025-02-07', 'YYYY-MM-DD'), TO_DATE('2025-02-15', 'YYYY-MM-DD'), N'Tăng huyết áp', N'Theo dõi huyết áp hàng ngày');
INSERT INTO KHAM VALUES ('K008', 'LH016', 'U003', 'U007', 'DT008', TO_DATE('2025-01-08', 'YYYY-MM-DD'), NULL, N'Mẩn ngứa dị ứng', N'Tránh tiếp xúc với dị nguyên nghi ngờ');
INSERT INTO KHAM VALUES ('K009', 'LH017', 'U008', 'U002', 'DT009', TO_DATE('2025-04-09', 'YYYY-MM-DD'), TO_DATE('2025-04-15', 'YYYY-MM-DD'), N'Tiểu đường type 2', N'Theo dõi đường huyết thường xuyên');
INSERT INTO KHAM VALUES ('K010', 'LH018', 'U001', 'U006', 'DT010', TO_DATE('2025-03-10', 'YYYY-MM-DD'), NULL, N'Suy nhược cơ thể', N'Bổ sung vitamin, ngủ đủ giấc');
INSERT INTO KHAM VALUES ('K011', 'LH019', 'U003', 'U009', 'DT011', TO_DATE('2025-02-11', 'YYYY-MM-DD'), TO_DATE('2025-02-15', 'YYYY-MM-DD'), N'Viêm xoang', N'Không tiếp xúc với bụi bẩn');
INSERT INTO KHAM VALUES ('K012', 'LH020', 'U008', 'U010', 'DT012', TO_DATE('2025-04-12', 'YYYY-MM-DD'), NULL, N'Viêm khớp dạng thấp', N'Dùng thuốc đều, tập thể dục nhẹ');
INSERT INTO KHAM VALUES ('K013', 'LH009', 'U001', 'U005', 'DT013', TO_DATE('2025-01-13', 'YYYY-MM-DD'), NULL, N'Khám định kỳ', N'Không có vấn đề đáng lo');
INSERT INTO KHAM VALUES ('K014', 'LH010', 'U003', 'U007', 'DT014', TO_DATE('2025-04-14', 'YYYY-MM-DD'), TO_DATE('2025-04-28', 'YYYY-MM-DD'), N'Viêm da cơ địa', N'Dưỡng ẩm thường xuyên');
INSERT INTO KHAM VALUES ('K015', 'LH011', 'U008', 'U002', 'DT015', TO_DATE('2025-05-15', 'YYYY-MM-DD'), NULL, N'Đau đầu mãn tính', N'Hạn chế làm việc với máy tính quá lâu');
INSERT INTO KHAM VALUES ('K016', 'LH012', 'U001', 'U006', 'DT016', TO_DATE('2025-02-16', 'YYYY-MM-DD'), TO_DATE('2025-02-20', 'YYYY-MM-DD'), N'Mất ngủ', N'Tập thói quen đi ngủ đúng giờ');
INSERT INTO KHAM VALUES ('K017', 'LH013', 'U003', 'U009', 'DT017', TO_DATE('2025-01-17', 'YYYY-MM-DD'), NULL, N'Nhiễm trùng đường tiểu', N'Uống nhiều nước, dùng thuốc đủ liều');
INSERT INTO KHAM VALUES ('K018', 'LH014', 'U008', 'U010', 'DT018', TO_DATE('2025-03-18', 'YYYY-MM-DD'), TO_DATE('2025-03-26', 'YYYY-MM-DD'), N'Rối loạn tiêu hóa', N'Thay đổi chế độ ăn uống');
INSERT INTO KHAM VALUES ('K019', 'LH015', 'U001', 'U005', 'DT019', TO_DATE('2025-05-19', 'YYYY-MM-DD'), NULL, N'Tăng mỡ máu', N'Tập thể dục thường xuyên');
INSERT INTO KHAM VALUES ('K020', 'LH016', 'U003', 'U007', 'DT020', TO_DATE('2025-05-20', 'YYYY-MM-DD'), TO_DATE('2025-05-27', 'YYYY-MM-DD'), N'Viêm ruột kích thích', N'Tránh stress và ăn đúng giờ');






-------------------------HOADON_KHAMBENH-----------------------------
INSERT INTO HOADON_KHAMBENH VALUES ('HDK001', 'K001', TO_DATE('05/01/2025', 'MM/DD/YYYY'), 150000, 300000, N'Tiền mặt', N'Thanh toán tại quầy', N'Đã thanh toán');
INSERT INTO HOADON_KHAMBENH VALUES ('HDK002', 'K002', TO_DATE('03/02/2025', 'MM/DD/YYYY'), 100000, 250000, N'Chuyển khoản', N'Thanh toán qua ngân hàng', N'Chưa thanh toán');
INSERT INTO HOADON_KHAMBENH VALUES ('HDK003', 'K003', TO_DATE('04/03/2025', 'MM/DD/YYYY'), 120000, 270000, N'Momo', N'Thanh toán online', N'Đã thanh toán');
INSERT INTO HOADON_KHAMBENH VALUES ('HDK004', 'K004', TO_DATE('02/04/2025', 'MM/DD/YYYY'), 200000, 400000, N'Tiền mặt', N'Có sử dụng dịch vụ bổ sung', N'Đã thanh toán');
INSERT INTO HOADON_KHAMBENH VALUES ('HDK005', 'K005', TO_DATE('01/05/2025', 'MM/DD/YYYY'), 90000, 210000, N'ZaloPay', N'Giảm giá 10%', N'Đã thanh toán');
INSERT INTO HOADON_KHAMBENH VALUES ('HDK006', 'K006', TO_DATE('04/06/2025', 'MM/DD/YYYY'), 100000, 230000, N'Tiền mặt', N'Dịch vụ vật lý trị liệu', N'Chưa thanh toán');
INSERT INTO HOADON_KHAMBENH VALUES ('HDK007', 'K007', TO_DATE('02/07/2025', 'MM/DD/YYYY'), 150000, 290000, N'VNPay', N'Đã thanh toán tại quầy', N'Đã thanh toán');
INSERT INTO HOADON_KHAMBENH VALUES ('HDK008', 'K008', TO_DATE('01/08/2025', 'MM/DD/YYYY'), 110000, 200000, N'Momo', N'Thanh toán online', N'Chưa thanh toán');
INSERT INTO HOADON_KHAMBENH VALUES ('HDK009', 'K009', TO_DATE('04/09/2025', 'MM/DD/YYYY'), 160000, 320000, N'Tiền mặt', N'Có dùng thuốc đặc trị', N'Đã thanh toán');
INSERT INTO HOADON_KHAMBENH VALUES ('HDK010', 'K010', TO_DATE('03/10/2025', 'MM/DD/YYYY'), 90000, 190000, N'Chuyển khoản', N'Thanh toán trước', N'Đã thanh toán');

INSERT INTO HOADON_KHAMBENH VALUES ('HDK011', 'K011', TO_DATE('02/11/2025', 'MM/DD/YYYY'), 130000, 270000, N'Tiền mặt', N'Hẹn tái khám', N'Đã thanh toán');
INSERT INTO HOADON_KHAMBENH VALUES ('HDK012', 'K012', TO_DATE('04/12/2025', 'MM/DD/YYYY'), 150000, 330000, N'Momo', N'Thanh toán không tiền mặt', N'Chưa thanh toán');
INSERT INTO HOADON_KHAMBENH VALUES ('HDK013', 'K013', TO_DATE('01/13/2025', 'MM/DD/YYYY'), 100000, 180000, N'Tiền mặt', N'Khám định kỳ', N'Đã thanh toán');
INSERT INTO HOADON_KHAMBENH VALUES ('HDK014', 'K014', TO_DATE('04/14/2025', 'MM/DD/YYYY'), 120000, 240000, N'ZaloPay', N'Dịch vụ khám ngoài giờ', N'Chưa thanh toán');
INSERT INTO HOADON_KHAMBENH VALUES ('HDK015', 'K015', TO_DATE('05/15/2025', 'MM/DD/YYYY'), 170000, 350000, N'Tiền mặt', N'Khám chuyên khoa', N'Đã thanh toán');
INSERT INTO HOADON_KHAMBENH VALUES ('HDK016', 'K016', TO_DATE('02/16/2025', 'MM/DD/YYYY'), 140000, 260000, N'Momo', N'Thanh toán qua app', N'Đã thanh toán');
INSERT INTO HOADON_KHAMBENH VALUES ('HDK017', 'K017', TO_DATE('01/17/2025', 'MM/DD/YYYY'), 110000, 220000, N'Tiền mặt', N'Có bảo hiểm hỗ trợ', N'Chưa thanh toán');
INSERT INTO HOADON_KHAMBENH VALUES ('HDK018', 'K018', TO_DATE('03/18/2025', 'MM/DD/YYYY'), 100000, 210000, N'VNPay', N'Thanh toán tự động', N'Đã thanh toán');
INSERT INTO HOADON_KHAMBENH VALUES ('HDK019', 'K019', TO_DATE('05/19/2025', 'MM/DD/YYYY'), 150000, 300000, N'Tiền mặt', N'Tái khám sau 1 tuần', N'Chưa thanh toán');
INSERT INTO HOADON_KHAMBENH VALUES ('HDK020', 'K020', TO_DATE('05/20/2025', 'MM/DD/YYYY'), 180000, 360000, N'ZaloPay', N'Thanh toán sau dịch vụ', N'Đã thanh toán');





-------------------------CTHD_KHAMBENH-----------------------------
INSERT INTO CTHD_KHAMBENH VALUES ('CTHDKB001', 'HDK001', 'DV001', 1, 150000);
INSERT INTO CTHD_KHAMBENH VALUES ('CTHDKB002', 'HDK002', 'DV002', 2, 250000);
INSERT INTO CTHD_KHAMBENH VALUES ('CTHDKB003', 'HDK003', 'DV003', 1, 120000);
INSERT INTO CTHD_KHAMBENH VALUES ('CTHDKB004', 'HDK004', 'DV004', 2, 200000);
INSERT INTO CTHD_KHAMBENH VALUES ('CTHDKB005', 'HDK005', 'DV011', 1, 90000);
INSERT INTO CTHD_KHAMBENH VALUES ('CTHDKB006', 'HDK006', 'DV012', 2, 230000);
INSERT INTO CTHD_KHAMBENH VALUES ('CTHDKB007', 'HDK007', 'DV013', 2, 290000);
INSERT INTO CTHD_KHAMBENH VALUES ('CTHDKB008', 'HDK008', 'DV018', 1, 110000);
INSERT INTO CTHD_KHAMBENH VALUES ('CTHDKB009', 'HDK009', 'DV014', 2, 160000);
INSERT INTO CTHD_KHAMBENH VALUES ('CTHDKB010', 'HDK010', 'DV017', 1, 90000);

INSERT INTO CTHD_KHAMBENH VALUES ('CTHDKB011', 'HDK011', 'DV020', 1, 130000);
INSERT INTO CTHD_KHAMBENH VALUES ('CTHDKB012', 'HDK012', 'DV013', 2, 150000);
INSERT INTO CTHD_KHAMBENH VALUES ('CTHDKB013', 'HDK013', 'DV015', 1, 100000);
INSERT INTO CTHD_KHAMBENH VALUES ('CTHDKB014', 'HDK014', 'DV006', 2, 120000);
INSERT INTO CTHD_KHAMBENH VALUES ('CTHDKB015', 'HDK015', 'DV007', 2, 170000);
INSERT INTO CTHD_KHAMBENH VALUES ('CTHDKB016', 'HDK016', 'DV008', 1, 140000);
INSERT INTO CTHD_KHAMBENH VALUES ('CTHDKB017', 'HDK017', 'DV009', 1, 110000);
INSERT INTO CTHD_KHAMBENH VALUES ('CTHDKB018', 'HDK018', 'DV010', 2, 100000);
INSERT INTO CTHD_KHAMBENH VALUES ('CTHDKB019', 'HDK019', 'DV005', 1, 150000);
INSERT INTO CTHD_KHAMBENH VALUES ('CTHDKB020', 'HDK020', 'DV016', 2, 180000);




-------------------------DIEUTRI-----------------------------
INSERT INTO DIEUTRI VALUES (
  'DTR001', 'K001', 'U001', 'P101',
  'Uống thuốc kháng viêm, nghỉ ngơi',
  TO_DATE('05/01/2025','MM/DD/YYYY'),
  TO_DATE('05/15/2025','MM/DD/YYYY'),
  1200000,
  'Cải thiện rõ rệt sau 1 tuần',
  'Uống thuốc đúng giờ, tái khám đúng hẹn',
  N'Chưa thanh toán'
);
UPDATE DIEUTRI
SET TRANGTHAITT = 'Chưa thanh toán'
WHERE MADTR = 'DTR005';
COMMIT;

UPDATE HOADON_KHAMBENH
SET TRANGTHAITT = 'Chưa thanh toán'
WHERE MAHDKB = 'HDK015';

UPDATE DONTHUOC_DONTHUOCYC
SET TRANGTHAITT = 'Chưa thanh toán'
WHERE MADT = 'DT015';

INSERT INTO DIEUTRI VALUES (
  'DTR002', 'K002', 'U003', 'P102',
  'Điều chỉnh chế độ ăn, dùng thuốc dạ dày',
  TO_DATE('03/02/2025','MM/DD/YYYY'),
  NULL,
  2500000,
  'Đau giảm sau 10 ngày',
  'Theo dõi triệu chứng, tái khám nếu nặng',
  N'Đã thanh toán'
);

INSERT INTO DIEUTRI VALUES (
  'DTR003', 'K005', 'U003', 'P103',
  'Dùng thuốc hỗ trợ tiêu hóa, ăn uống điều độ',
  TO_DATE('01/05/2025','MM/DD/YYYY'),
  TO_DATE('01/15/2025','MM/DD/YYYY'),
  1300000,
  'Cải thiện sau 1 tuần',
  'Kiêng đồ dầu mỡ, uống đủ nước',
  N'Đã thanh toán'
);

INSERT INTO DIEUTRI VALUES (
  'DTR004', 'K007', 'U001', 'P101',
  'Điều chỉnh thuốc hạ huyết áp, theo dõi huyết áp tại nhà',
  TO_DATE('02/07/2025','MM/DD/YYYY'),
  TO_DATE('02/15/2025','MM/DD/YYYY'),
  3000000,
  'Huyết áp ổn định hơn',
  'Đo huyết áp thường xuyên, không bỏ thuốc',
  N'Đã thanh toán'
);

INSERT INTO DIEUTRI VALUES (
  'DTR005', 'K009', 'U008', 'P104',
  'Điều chỉnh chế độ ăn, thuốc kiểm soát đường huyết',
  TO_DATE('04/09/2025','MM/DD/YYYY'),
  TO_DATE('04/15/2025','MM/DD/YYYY'),
  3500000,
  'Đường huyết ổn định',
  'Theo dõi đường huyết tại nhà',
  N'Chưa thanh toán'
);

INSERT INTO DIEUTRI VALUES (
  'DTR006', 'K011', 'U003', 'P102',
  'Dùng thuốc chống viêm xoang, tránh bụi bẩn',
  TO_DATE('02/11/2025','MM/DD/YYYY'),
  TO_DATE('02/15/2025','MM/DD/YYYY'),
  1200000,
  'Giảm đau và nghẹt mũi',
  'Không tiếp xúc với bụi bẩn, tái khám',
  N'Đã thanh toán'
);

INSERT INTO DIEUTRI VALUES (
  'DTR007', 'K012', 'U008', 'P104',
  'Dùng thuốc giảm đau, tập thể dục nhẹ nhàng',
  TO_DATE('04/12/2025','MM/DD/YYYY'),
  NULL,
  2800000,
  'Tình trạng viêm giảm',
  'Dùng thuốc đều, tập thể dục nhẹ',
  N'Đã thanh toán'
);

INSERT INTO DIEUTRI VALUES (
  'DTR008', 'K014', 'U003', 'P103',
  'Dưỡng ẩm da và dùng thuốc chống viêm',
  TO_DATE('04/14/2025','MM/DD/YYYY'),
  TO_DATE('04/28/2025','MM/DD/YYYY'),
  1600000,
  'Da đỡ viêm ngứa',
  'Dưỡng ẩm thường xuyên, tránh dị ứng',
  N'Chưa thanh toán'
);

INSERT INTO DIEUTRI VALUES (
  'DTR009', 'K016', 'U001', 'P101',
  'Điều trị mất ngủ, tập thói quen sinh hoạt',
  TO_DATE('02/16/2025','MM/DD/YYYY'),
  TO_DATE('02/20/2025','MM/DD/YYYY'),
  1000000,
  'Ngủ ngon hơn',
  'Tập thói quen đi ngủ đúng giờ',
  N'Đã thanh toán'
);

INSERT INTO DIEUTRI VALUES (
  'DTR010', 'K018', 'U008', 'P104',
  'Điều chỉnh chế độ ăn uống, dùng thuốc hỗ trợ tiêu hóa',
  TO_DATE('03/18/2025','MM/DD/YYYY'),
  TO_DATE('03/26/2025','MM/DD/YYYY'),
  1500000,
  'Tiêu hóa cải thiện',
  'Thay đổi chế độ ăn uống hợp lý',
  N'Đã thanh toán'
);

INSERT INTO DIEUTRI VALUES (
  'DTR011', 'K020', 'U003', 'P103',
  'Dùng thuốc giảm viêm ruột, tránh stress',
  TO_DATE('05/20/2025','MM/DD/YYYY'),
  TO_DATE('05/27/2025','MM/DD/YYYY'),
  2100000,
  'Tình trạng ổn định',
  'Tránh stress và ăn đúng giờ',
  N'Chưa thanh toán'
);





-------------------------CTDIEUTRI-----------------------------
INSERT INTO CTDIEUTRI VALUES ('CT001', 'DTR001', 'DV001', 'DT001', 1, 1);
INSERT INTO CTDIEUTRI VALUES ('CT002', 'DTR002', 'DV002', 'DT002', 1, 1);
INSERT INTO CTDIEUTRI VALUES ('CT003', 'DTR003', 'DV003', 'DT003', 1, 1);
INSERT INTO CTDIEUTRI VALUES ('CT004', 'DTR004', 'DV004', 'DT004', 1, 1);
INSERT INTO CTDIEUTRI VALUES ('CT005', 'DTR005', 'DV005', 'DT005', 1, 2);
INSERT INTO CTDIEUTRI VALUES ('CT006', 'DTR006', 'DV006', 'DT006', 1, 1);
INSERT INTO CTDIEUTRI VALUES ('CT007', 'DTR007', 'DV007', 'DT007', 1, 2);
INSERT INTO CTDIEUTRI VALUES ('CT008', 'DTR008', 'DV008', 'DT008', 1, 1);
INSERT INTO CTDIEUTRI VALUES ('CT009', 'DTR009', 'DV009', 'DT009', 1, 1);
INSERT INTO CTDIEUTRI VALUES ('CT010', 'DTR010', 'DV010', 'DT010', 1, 1);
INSERT INTO CTDIEUTRI VALUES ('CT011', 'DTR011', 'DV011', 'DT011', 1, 1);





-------------------------THONGBAO-----------------------------
INSERT INTO THONGBAO (MATB, USER_ID, NOIDUNG, NGAYTHONGBAO, TRANGTHAI, LOAI) VALUES
('TB001', 'U002', 'Bạn đã đặt lịch hẹn thành công vào ngày 2025-08-04 14:00. Vui lòng chờ xác nhận.', TO_TIMESTAMP('06/01/2025 18:44:26', 'MM/DD/YYYY HH24:MI:SS'), 'Chưa đọc', 'Lịch hẹn'),
('TB002', 'U002', 'Bạn đã gởi yêu cầu mua thuốc thành công vào ngày 01/06/2025. Vui lòng chờ xác nhận.', TO_TIMESTAMP('06/01/2025 18:45:37', 'MM/DD/YYYY HH24:MI:SS'), 'Chưa đọc', 'Mua thuốc'),
('TB003', 'U002', 'Bạn đã đặt lịch hẹn thành công vào ngày 9999-12-31 00:00. Vui lòng chờ xác nhận.', TO_TIMESTAMP('06/01/2025 23:07:34', 'MM/DD/YYYY HH24:MI:SS'), 'Chưa đọc', 'Lịch hẹn'),
('TB004', 'U002', 'Bạn đã gởi yêu cầu mua thuốc thành công vào ngày 01/06/2025. Vui lòng chờ xác nhận.', TO_TIMESTAMP('06/01/2025 23:11:09', 'MM/DD/YYYY HH24:MI:SS'), 'Chưa đọc', 'Mua thuốc'),
('TB005', 'U002', 'Bạn đã gửi yêu cầu mua thuốc thành công vào ngày 03/06/2025. Vui lòng chờ xác nhận.', TO_TIMESTAMP('06/03/2025 21:29:21', 'MM/DD/YYYY HH24:MI:SS'), 'Chưa đọc', 'Mua thuốc'),
('TB006', 'U002', 'Bạn đã đặt lịch hẹn thành công vào ngày 2025-04-09 13:00. Vui lòng chờ xác nhận.', TO_TIMESTAMP('06/08/2025 14:26:50', 'MM/DD/YYYY HH24:MI:SS'), 'Đã đọc', 'Lịch hẹn'),
('TB007', 'U002', 'Bạn đã đặt lịch hẹn thành công vào ngày 2025-06-23 14:30. Vui lòng chờ xác nhận.', TO_TIMESTAMP('06/08/2025 22:41:29', 'MM/DD/YYYY HH24:MI:SS'), 'Chưa đọc', 'Lịch hẹn'),
('TB008', 'U002', 'Bạn đã đặt lịch hẹn thành công vào ngày 2025-06-23 14:30. Vui lòng chờ xác nhận.', TO_TIMESTAMP('06/08/2025 22:41:32', 'MM/DD/YYYY HH24:MI:SS'), 'Chưa đọc', 'Lịch hẹn'),
('TB009', 'U002', 'Bạn đã đặt lịch hẹn thành công vào ngày 2025-06-23 14:30. Vui lòng chờ xác nhận.', TO_TIMESTAMP('06/08/2025 22:41:38', 'MM/DD/YYYY HH24:MI:SS'), 'Chưa đọc', 'Lịch hẹn'),
('TB010', 'U002', 'Bạn đã đặt lịch hẹn thành công vào ngày 2025-06-23 14:30. Vui lòng chờ xác nhận.', TO_TIMESTAMP('06/08/2025 22:41:38', 'MM/DD/YYYY HH24:MI:SS'), 'Chưa đọc', 'Lịch hẹn'),
('TB011', 'U002', 'Bạn đã đặt lịch hẹn thành công vào ngày 2025-06-23 14:30. Vui lòng chờ xác nhận.', TO_TIMESTAMP('06/08/2025 22:41:39', 'MM/DD/YYYY HH24:MI:SS'), 'Chưa đọc', 'Lịch hẹn'),
('TB012', 'U002', 'Bạn đã đặt lịch hẹn thành công vào ngày 2025-06-23 14:30. Vui lòng chờ xác nhận.', TO_TIMESTAMP('06/08/2025 22:41:39', 'MM/DD/YYYY HH24:MI:SS'), 'Chưa đọc', 'Lịch hẹn'),
('TB013', 'U002', 'Bạn đã đặt lịch hẹn thành công vào ngày 2025-06-23 14:30. Vui lòng chờ xác nhận.', TO_TIMESTAMP('06/08/2025 22:41:39', 'MM/DD/YYYY HH24:MI:SS'), 'Chưa đọc', 'Lịch hẹn'),
('TB014', 'U002', 'Bạn đã đặt lịch hẹn thành công vào ngày 2025-06-23 14:30. Vui lòng chờ xác nhận.', TO_TIMESTAMP('06/08/2025 22:41:39', 'MM/DD/YYYY HH24:MI:SS'), 'Chưa đọc', 'Lịch hẹn'),
('TB015', 'U002', 'Bạn đã đặt lịch hẹn thành công vào ngày 2025-06-13 13:00. Vui lòng chờ xác nhận.', TO_TIMESTAMP('06/08/2025 22:44:46', 'MM/DD/YYYY HH24:MI:SS'), 'Chưa đọc', 'Lịch hẹn'),
('TB016', 'U002', 'Bạn đã đặt lịch hẹn thành công vào ngày 2025-06-20 14:00. Vui lòng chờ xác nhận.', TO_TIMESTAMP('06/08/2025 22:59:02', 'MM/DD/YYYY HH24:MI:SS'), 'Chưa đọc', 'Lịch hẹn'),
('TB017', 'U002', 'Lịch hẹn vào ngày 2025-06-20 14:00 của bạn đã được cập nhật trạng thái thành: Thành công', TO_TIMESTAMP('06/08/2025 23:57:25', 'MM/DD/YYYY HH24:MI:SS'), 'Chưa đọc', 'Lịch hẹn'),
('TB018', 'U001', 'Bạn đã tạo hóa đơn thành công vào ngày 2025-06-09 00:10:34.', TO_TIMESTAMP('06/09/2025 00:10:34', 'MM/DD/YYYY HH24:MI:SS'), 'Chưa đọc', 'Hóa đơn'),
('TB019', 'U002', 'Hóa đơn DT015 đã được thanh toán thành công vào ngày 2025-06-09 00:54:41.', TO_TIMESTAMP('06/09/2025 00:54:41', 'MM/DD/YYYY HH24:MI:SS'), 'Chưa đọc', 'Thanh toán'),
('TB020', 'U002', 'Hóa đơn DT015 đã được thanh toán thành công vào ngày 2025-06-09 01:02:25.', TO_TIMESTAMP('06/09/2025 01:02:25', 'MM/DD/YYYY HH24:MI:SS'), 'Chưa đọc', 'Thanh toán'),
('TB021', 'U002', 'Bạn đã đặt lịch hẹn thành công vào 2025-06-23 09:00. Vui lòng chờ xác nhận.', TO_TIMESTAMP('06/13/2025 04:00:37', 'MM/DD/YYYY HH24:MI:SS'), 'Chưa đọc', 'Lịch hẹn');







-------------------------PHONGKHAM-----------------------------

INSERT INTO PHONGKHAM (MAPHONG, TRANGTHAI, GHICHU) VALUES ('PK001', N'Đang sử dụng', N'Phòng khám đa khoa tổng quát');
INSERT INTO PHONGKHAM (MAPHONG, TRANGTHAI, GHICHU) VALUES ('PK002', N'Trống', N'Phòng chờ khám nội');
INSERT INTO PHONGKHAM (MAPHONG, TRANGTHAI, GHICHU) VALUES ('PK003', N'Đang sử dụng', N'Phòng khám đang được sửa chữa thiết bị');
INSERT INTO PHONGKHAM (MAPHONG, TRANGTHAI, GHICHU) VALUES ('PK004', N'Đang sử dụng', N'Phòng khám chuyên khoa nhi');
INSERT INTO PHONGKHAM (MAPHONG, TRANGTHAI, GHICHU) VALUES ('PK005', N'Trống', N'Phòng khám tim mạch');
INSERT INTO PHONGKHAM (MAPHONG, TRANGTHAI, GHICHU) VALUES ('PK006', N'Đang sử dụng', N'Phòng xét nghiệm nhanh');
INSERT INTO PHONGKHAM (MAPHONG, TRANGTHAI, GHICHU) VALUES ('PK007', N'Trống', N'Phòng tai - mũi - họng');
INSERT INTO PHONGKHAM (MAPHONG, TRANGTHAI, GHICHU) VALUES ('PK008', N'Trống', N'Đang thay thiết bị nội soi');
INSERT INTO PHONGKHAM (MAPHONG, TRANGTHAI, GHICHU) VALUES ('PK009', N'Đang sử dụng', N'Phòng cấp cứu');
INSERT INTO PHONGKHAM (MAPHONG, TRANGTHAI, GHICHU) VALUES ('PK010', N'Trống', N'Phòng khám răng - hàm - mặt');
INSERT INTO PHONGKHAM (MAPHONG, TRANGTHAI, GHICHU) VALUES ('PK011', N'Đang sử dụng', N'Phòng siêu âm');
INSERT INTO PHONGKHAM (MAPHONG, TRANGTHAI, GHICHU) VALUES ('PK012', N'Trống', N'Phòng tiêm ngừa');
INSERT INTO PHONGKHAM (MAPHONG, TRANGTHAI, GHICHU) VALUES ('PK013', N'Đang sử dụng', N'Phòng đang nâng cấp hệ thống điều hòa');
INSERT INTO PHONGKHAM (MAPHONG, TRANGTHAI, GHICHU) VALUES ('PK014', N'Đang sử dụng', N'Phòng khám sản phụ khoa');
INSERT INTO PHONGKHAM (MAPHONG, TRANGTHAI, GHICHU) VALUES ('PK015', N'Trống', N'Phòng tư vấn sức khỏe');
INSERT INTO PHONGKHAM (MAPHONG, TRANGTHAI, GHICHU) VALUES ('PK016', N'Đang sử dụng', N'Phòng nội soi tiêu hóa');
INSERT INTO PHONGKHAM (MAPHONG, TRANGTHAI, GHICHU) VALUES ('PK017', N'Trống', N'Phòng khám da liễu');
INSERT INTO PHONGKHAM (MAPHONG, TRANGTHAI, GHICHU) VALUES ('PK018', N'Đang sử dụng', N'Phòng phục hồi chức năng');
INSERT INTO PHONGKHAM (MAPHONG, TRANGTHAI, GHICHU) VALUES ('PK019', N'Trống', N'Phòng đang kiểm tra hệ thống điện');
INSERT INTO PHONGKHAM (MAPHONG, TRANGTHAI, GHICHU) VALUES ('PK020', N'Trống', N'Phòng hội chẩn và đánh giá chuyên môn');





-------------------------THIETBI-----------------------------
INSERT INTO THIETBI (MATB, TENTB, LOAITB, NGAYMUA, TRANGTHAI)
VALUES ('TB001', N'Máy in HP', N'Thiết bị in ấn', TO_DATE('2022-01-10','YYYY-MM-DD'), N'Đang sử dụng');

INSERT INTO THIETBI (MATB, TENTB, LOAITB, NGAYMUA, TRANGTHAI)
VALUES ('TB002', N'Máy chiếu Epson', N'Thiết bị trình chiếu', TO_DATE('2021-05-05','YYYY-MM-DD'), N'Bảo trì');



-------------------------KHO-----------------------------
INSERT INTO KHO (MAKHO, TENKHO, VITRI, TINHTRANG)
VALUES ('K001', N'Kho thiết bị', N'Tầng 1', N'Hoạt động bình thường');

INSERT INTO KHO (MAKHO, TENKHO, VITRI, TINHTRANG)
VALUES ('K002', N'Kho thuốc', N'Tầng 2', N'Đang kiểm kê');



-------------------------CHITIETKHO-----------------------------
INSERT ALL
  INTO CHITIETKHO (MAVATTU, MAKHO, SLTONKHO, LOAISP, TINHTRANGSP, LOAIVATTU) VALUES ('SP001', 'K002', 50, N'Thuốc giảm đau', N'Còn hàng', 'SP')
  INTO CHITIETKHO (MAVATTU, MAKHO, SLTONKHO, LOAISP, TINHTRANGSP, LOAIVATTU) VALUES ('SP002', 'K002', 40, N'Thuốc ho', N'Còn hàng', 'SP')
  INTO CHITIETKHO (MAVATTU, MAKHO, SLTONKHO, LOAISP, TINHTRANGSP, LOAIVATTU) VALUES ('SP003', 'K002', 60, N'Thuốc dị ứng', N'Còn hàng', 'SP')
  INTO CHITIETKHO (MAVATTU, MAKHO, SLTONKHO, LOAISP, TINHTRANGSP, LOAIVATTU) VALUES ('SP004', 'K002', 20, N'Thuốc tim mạch', N'Sắp hết hạn', 'SP')
  INTO CHITIETKHO (MAVATTU, MAKHO, SLTONKHO, LOAISP, TINHTRANGSP, LOAIVATTU) VALUES ('SP005', 'K002', 10, N'Thuốc dạ dày', N'Còn hàng', 'SP')
  INTO CHITIETKHO (MAVATTU, MAKHO, SLTONKHO, LOAISP, TINHTRANGSP, LOAIVATTU) VALUES ('SP006', 'K002', 30, N'Thuốc bổ gan', N'Còn hàng', 'SP')
  INTO CHITIETKHO (MAVATTU, MAKHO, SLTONKHO, LOAISP, TINHTRANGSP, LOAIVATTU) VALUES ('SP007', 'K002', 25, N'Thuốc bổ mắt', N'Còn hàng', 'SP')
  INTO CHITIETKHO (MAVATTU, MAKHO, SLTONKHO, LOAISP, TINHTRANGSP, LOAIVATTU) VALUES ('SP008', 'K002', 45, N'Thuốc cảm cúm', N'Còn hàng', 'SP')
  INTO CHITIETKHO (MAVATTU, MAKHO, SLTONKHO, LOAISP, TINHTRANGSP, LOAIVATTU) VALUES ('SP009', 'K002', 35, N'Thuốc an thần', N'Sắp hết hạn', 'SP')
  INTO CHITIETKHO (MAVATTU, MAKHO, SLTONKHO, LOAISP, TINHTRANGSP, LOAIVATTU) VALUES ('SP010', 'K002', 50, N'Thuốc kháng sinh', N'Còn hàng', 'SP')

  INTO CHITIETKHO (MAVATTU, MAKHO, SLTONKHO, LOAISP, TINHTRANGSP, LOAIVATTU) VALUES ('SP011', 'K002', 15, N'Thuốc bổ xương khớp', N'Còn hàng', 'SP')
  INTO CHITIETKHO (MAVATTU, MAKHO, SLTONKHO, LOAISP, TINHTRANGSP, LOAIVATTU) VALUES ('SP012', 'K002', 18, N'Thuốc chống viêm', N'Còn hàng', 'SP')
  INTO CHITIETKHO (MAVATTU, MAKHO, SLTONKHO, LOAISP, TINHTRANGSP, LOAIVATTU) VALUES ('SP013', 'K002', 22, N'Thuốc bổ não', N'Còn hàng', 'SP')
  INTO CHITIETKHO (MAVATTU, MAKHO, SLTONKHO, LOAISP, TINHTRANGSP, LOAIVATTU) VALUES ('SP014', 'K002', 33, N'Thuốc trị nấm', N'Còn hàng', 'SP')
  INTO CHITIETKHO (MAVATTU, MAKHO, SLTONKHO, LOAISP, TINHTRANGSP, LOAIVATTU) VALUES ('SP015', 'K002', 12, N'Thuốc nhỏ mắt', N'Còn hàng', 'SP')
  INTO CHITIETKHO (MAVATTU, MAKHO, SLTONKHO, LOAISP, TINHTRANGSP, LOAIVATTU) VALUES ('SP016', 'K002', 8, N'Thuốc trị mụn', N'Còn hàng', 'SP')
  INTO CHITIETKHO (MAVATTU, MAKHO, SLTONKHO, LOAISP, TINHTRANGSP, LOAIVATTU) VALUES ('SP017', 'K002', 14, N'Thuốc trị tiêu chảy', N'Còn hàng', 'SP')
  INTO CHITIETKHO (MAVATTU, MAKHO, SLTONKHO, LOAISP, TINHTRANGSP, LOAIVATTU) VALUES ('SP018', 'K002', 26, N'Thuốc bổ máu', N'Còn hàng', 'SP')
  INTO CHITIETKHO (MAVATTU, MAKHO, SLTONKHO, LOAISP, TINHTRANGSP, LOAIVATTU) VALUES ('SP019', 'K002', 37, N'Thuốc trị viêm họng', N'Còn hàng', 'SP')
  INTO CHITIETKHO (MAVATTU, MAKHO, SLTONKHO, LOAISP, TINHTRANGSP, LOAIVATTU) VALUES ('SP020', 'K002', 19, N'Thuốc trị đau đầu', N'Còn hàng', 'SP')

  INTO CHITIETKHO (MAVATTU, MAKHO, SLTONKHO, LOAISP, TINHTRANGSP, LOAIVATTU) VALUES ('SP021', 'K002', 44, N'Thuốc trị đau khớp', N'Còn hàng', 'SP')
  INTO CHITIETKHO (MAVATTU, MAKHO, SLTONKHO, LOAISP, TINHTRANGSP, LOAIVATTU) VALUES ('SP022', 'K002', 11, N'Thuốc tránh thai', N'Còn hàng', 'SP')
  INTO CHITIETKHO (MAVATTU, MAKHO, SLTONKHO, LOAISP, TINHTRANGSP, LOAIVATTU) VALUES ('SP023', 'K002', 9, N'Thuốc dị ứng thời tiết', N'Còn hàng', 'SP')
  INTO CHITIETKHO (MAVATTU, MAKHO, SLTONKHO, LOAISP, TINHTRANGSP, LOAIVATTU) VALUES ('SP024', 'K002', 41, N'Thuốc giảm mỡ máu', N'Còn hàng', 'SP')
  INTO CHITIETKHO (MAVATTU, MAKHO, SLTONKHO, LOAISP, TINHTRANGSP, LOAIVATTU) VALUES ('SP025', 'K002', 27, N'Thuốc chữa trĩ', N'Còn hàng', 'SP')
  INTO CHITIETKHO (MAVATTU, MAKHO, SLTONKHO, LOAISP, TINHTRANGSP, LOAIVATTU) VALUES ('SP026', 'K002', 30, N'Thuốc điều trị huyết áp', N'Còn hàng', 'SP')
  INTO CHITIETKHO (MAVATTU, MAKHO, SLTONKHO, LOAISP, TINHTRANGSP, LOAIVATTU) VALUES ('SP027', 'K002', 36, N'Thuốc chống say tàu xe', N'Còn hàng', 'SP')
  INTO CHITIETKHO (MAVATTU, MAKHO, SLTONKHO, LOAISP, TINHTRANGSP, LOAIVATTU) VALUES ('SP028', 'K002', 17, N'Thuốc sát trùng', N'Còn hàng', 'SP')
  INTO CHITIETKHO (MAVATTU, MAKHO, SLTONKHO, LOAISP, TINHTRANGSP, LOAIVATTU) VALUES ('SP029', 'K002', 24, N'Thuốc ho long đờm', N'Còn hàng', 'SP')
  INTO CHITIETKHO (MAVATTU, MAKHO, SLTONKHO, LOAISP, TINHTRANGSP, LOAIVATTU) VALUES ('SP030', 'K002', 21, N'Thuốc trị hôi miệng', N'Còn hàng', 'SP')
SELECT * FROM DUAL;


INSERT INTO CHITIETKHO (MAVATTU, MAKHO, SLTONKHO, LOAISP, TINHTRANGSP, LOAIVATTU)
VALUES ('TB001', 'K001', 5, N'Thiết bị in ấn', N'Đang sử dụng', 'TB');

INSERT INTO CHITIETKHO (MAVATTU, MAKHO, SLTONKHO, LOAISP, TINHTRANGSP, LOAIVATTU)
VALUES ('TB002', 'K001', 3, N'Thiết bị trình chiếu', N'Bảo trì', 'TB');


COMMIT;